uid,jobid,skill_match,experience_gap,location_match,education_match,job_type_match,mode_match,label
16795,1360,80.87,1.98,1,0,1,1,0.8439
1769,2891,51.42,2.26,0,1,1,1,0.6833
9666,1582,59.36,3.04,0,0,1,1,0.6251
4556,4390,77.11,2.15,1,1,1,0,0.8496
16787,3056,62.64,4.4,0,1,1,0,0.5408
7873,661,71.33,5.48,0,1,1,1,0.6728
9529,1378,60.79,6.88,1,0,1,0,0.5651
14986,4974,87.75,2.83,1,1,1,0,0.7571
3454,4145,93.59,1.51,1,1,1,1,0.959
7910,4993,100.0,20.0,0,0,0,1,0.504
9755,4691,54.36,4.55,1,0,1,1,0.6889
11921,2097,77.22,6.3,0,1,1,1,0.7079
16707,3802,64.84,4.67,0,1,1,0,0.5029
14545,1163,100.0,2.93,1,1,1,1,0.9616
12649,2136,71.2,14.6,0,1,1,0,0.4154
5931,4010,69.85,1.71,0,1,1,1,0.7888
16087,1108,70.56,1.1,1,1,1,1,0.8187
2734,2343,91.93,2.98,1,1,1,0,0.8349
17646,1123,97.28,15.13,0,1,1,1,0.5459
16151,2755,43.59,5.2,0,1,1,0,0.523
3557,598,67.14,0.42,1,0,0,1,0.7506
14446,1718,47.75,5.94,0,0,1,1,0.6109
4436,1062,75.53,5.96,1,1,1,0,0.6225
5642,3620,89.54,0.52,1,1,1,1,0.9304
17990,3670,51.01,2.02,1,1,1,1,0.7709
19070,3509,48.4,1.58,1,0,1,1,0.6348
6801,3306,38.97,2.18,0,0,1,0,0.4435
11893,1471,56.26,0.71,0,0,1,1,0.759
10907,4354,52.14,2.54,1,0,1,0,0.5861
5142,4864,56.97,3.06,1,0,1,0,0.5709
2150,2431,45.99,2.54,0,1,1,1,0.645
16125,2794,100.0,3.56,0,1,0,0,0.6992
19525,3559,83.98,5.13,1,1,0,1,0.7891
12922,2989,80.49,20.0,1,1,1,1,0.6164
1851,2187,84.98,10.53,1,1,1,1,0.6646
11636,4607,81.83,4.11,0,1,0,1,0.7049
9808,4474,77.14,1.85,1,1,1,1,0.8877
15527,3286,55.8,3.28,1,1,1,1,0.7414
4440,4266,86.51,5.91,1,1,1,1,0.8091
17779,4671,87.08,4.45,1,1,0,0,0.7266
5491,3438,63.15,4.02,1,1,0,1,0.8245
5846,1453,78.09,1.63,1,0,1,1,0.831
18924,3736,78.91,0.8,1,0,1,1,0.9054
2810,3423,50.91,9.25,1,0,1,0,0.5077
11188,4785,85.42,2.11,1,1,1,1,0.7692
2852,4675,74.48,3.37,1,1,1,1,0.7962
10588,4137,100.0,6.13,0,1,1,1,0.8066
1667,4968,53.21,2.01,0,1,0,1,0.5536
3779,1424,77.25,3.03,1,0,1,1,0.8195
6124,1515,93.59,2.26,0,1,1,1,0.8597
19017,2652,75.57,0.68,1,1,1,1,0.8465
18844,4136,63.74,0.67,1,1,1,1,0.7467
8239,2074,95.55,4.0,1,1,1,1,1.0
5858,2348,58.73,15.13,1,1,1,1,0.5244
10521,1858,70.99,6.18,1,1,1,1,0.739
11320,2680,66.11,8.51,1,0,0,1,0.5499
13015,4542,57.95,4.37,0,1,1,1,0.5964
11161,4656,59.39,1.68,0,0,1,0,0.5565
15124,2796,24.34,11.41,0,1,0,1,0.3215
15178,1776,70.48,4.22,0,1,1,1,0.7228
18302,3297,54.31,2.49,0,1,1,1,0.7097
18680,625,100.0,6.17,1,0,1,1,0.8046
7738,2972,100.0,5.53,0,1,1,1,0.7949
18844,3209,57.66,1.03,1,0,1,0,0.6787
9837,617,72.9,1.79,1,1,1,1,0.8156
7469,1641,51.81,5.27,1,1,1,0,0.616
7988,2526,70.22,0.57,1,1,1,1,0.9167
2619,820,68.57,1.33,1,0,1,1,0.8162
4530,3135,67.11,5.37,0,1,1,1,0.6551
16524,3398,75.8,12.08,1,1,1,1,0.6157
7565,2690,25.39,0.47,1,0,1,1,0.6547
9389,3126,40.43,7.24,1,1,1,1,0.5628
2120,3568,78.08,5.97,1,1,1,1,0.7392
7371,3728,49.63,18.44,1,0,1,1,0.4592
6779,4606,100.0,3.05,1,0,1,1,0.9053
8783,3505,64.62,2.32,1,0,1,1,0.7143
8196,4033,96.04,1.38,1,0,1,1,0.8983
5662,3208,97.94,1.85,1,1,1,1,0.8759
4600,1454,14.31,1.19,1,1,1,1,0.5831
5757,3213,64.62,1.21,1,1,1,0,0.6775
3079,3217,83.49,15.35,1,1,1,1,0.5703
12485,1446,63.15,2.46,1,1,1,1,0.7669
8643,2323,68.61,6.38,0,0,1,0,0.5647
4300,4175,62.99,2.78,1,1,1,1,0.7238
16070,1322,82.32,0.61,1,1,1,1,0.9965
5566,3690,85.13,0.85,1,1,1,1,0.8888
16517,3179,77.98,3.28,1,1,1,1,0.852
2304,3930,82.35,1.1,0,1,1,1,0.8246
6475,540,96.24,4.5,1,0,0,0,0.638
8992,1145,51.87,6.02,1,1,1,1,0.6421
4067,1886,99.1,2.79,1,1,1,1,1.0
3711,2285,58.49,3.66,1,1,1,0,0.649
2240,560,63.3,1.96,1,1,1,1,0.8863
19706,2136,43.61,2.78,1,1,1,1,0.7323
16896,4226,79.18,2.65,0,1,1,1,0.7794
17774,4353,77.15,2.04,0,1,1,1,0.773
18850,4061,56.73,8.17,1,1,1,1,0.7068
13651,538,78.25,0.42,0,1,1,1,0.8178
16775,4310,91.31,3.27,0,1,0,1,0.7677
13676,3124,61.6,2.66,0,0,1,0,0.4473
10155,2734,45.85,2.92,1,1,1,0,0.5566
15899,1384,67.44,2.2,1,1,1,1,0.8143
19297,2096,40.0,3.62,1,1,1,1,0.5722
1892,2530,67.34,7.17,0,1,0,1,0.6062
10752,1918,66.25,2.9,0,1,1,0,0.5702
10903,3520,88.15,3.43,1,1,1,1,0.9332
3139,2204,71.27,1.13,0,1,1,1,0.731
17940,1325,90.8,3.09,1,0,1,0,0.8252
1294,2485,76.86,5.92,1,0,1,1,0.653
2007,3014,74.99,9.29,0,1,1,0,0.5304
18649,1540,78.17,5.68,0,0,1,1,0.707
18070,784,100.0,1.76,0,0,1,1,0.8064
12801,4053,84.62,0.82,1,1,1,0,0.7044
14261,3655,44.39,6.13,0,1,1,1,0.4858
6626,4463,100.0,6.41,1,1,1,1,0.9148
2607,1484,76.85,4.66,1,1,1,0,0.7651
4224,2753,79.83,9.6,1,0,1,1,0.7423
17500,2933,57.31,6.62,0,0,1,1,0.4663
9920,2543,85.21,1.41,1,0,1,1,0.8529
17019,3220,65.58,3.4,1,0,1,0,0.6182
11433,589,55.36,6.59,0,0,1,1,0.5685
2925,2556,100.0,4.35,1,1,1,1,0.9789
9601,1394,73.95,4.48,0,0,1,0,0.6723
14612,1766,49.37,2.14,1,1,1,1,0.7313
15025,1254,72.4,2.2,0,1,1,1,0.7624
1956,2571,32.71,1.51,1,0,1,1,0.7012
13003,3125,60.82,8.02,1,0,1,1,0.6353
1529,4123,60.21,5.21,1,1,1,1,0.5863
13197,3552,77.57,1.52,1,1,1,0,0.7617
4216,3438,52.52,0.65,0,1,1,1,0.655
12970,1129,54.8,3.54,1,1,1,1,0.6617
11552,1075,44.07,0.75,0,1,1,1,0.7081
19309,1119,66.78,2.17,0,0,0,1,0.6593
2058,4793,73.82,1.52,0,1,1,0,0.5946
7570,3749,80.07,4.56,0,0,1,1,0.5847
11225,1864,75.53,1.92,1,0,1,1,0.809
16504,4219,77.3,4.39,1,1,1,1,0.8354
14965,3624,86.78,10.56,0,1,1,1,0.6362
8114,1847,59.85,7.59,1,1,1,1,0.7022
18772,4212,72.41,1.32,0,1,1,1,0.7199
13592,1235,26.93,0.99,1,1,1,1,0.6213
10218,4365,37.39,3.79,0,1,1,1,0.6284
10206,4931,71.74,5.7,1,0,1,1,0.7229
15113,1463,52.59,1.38,1,1,1,1,0.7096
3137,3916,88.82,1.28,1,0,1,1,0.8772
9636,535,53.55,2.96,0,1,1,0,0.5641
10435,4476,100.0,5.06,0,1,1,1,0.8768
2316,4645,83.85,4.66,1,1,1,1,0.8118
18633,1130,58.28,0.96,0,0,1,1,0.6703
18484,940,76.29,3.33,1,1,1,1,0.8552
7764,4631,100.0,2.05,0,0,1,0,0.6783
11756,2975,74.68,0.71,1,1,1,1,0.9066
10686,4711,100.0,3.59,0,1,1,1,0.8142
19877,1132,23.29,2.2,1,0,1,1,0.5995
14395,4537,46.9,5.91,1,1,1,0,0.5085
17163,2101,39.27,1.11,1,1,1,1,0.7228
6435,743,98.04,3.55,1,1,1,1,0.9152
8693,572,61.32,2.12,1,1,1,1,0.8292
5917,737,38.05,3.36,0,1,0,0,0.3884
17920,4723,33.95,1.93,1,0,1,0,0.5907
7610,2453,94.38,1.85,0,1,1,0,0.7546
6448,1679,57.73,2.61,0,1,1,1,0.6009
10011,919,88.25,0.13,1,1,1,1,0.9912
2549,2264,78.36,3.08,0,1,1,1,0.7113
15828,2885,81.59,0.88,1,0,1,0,0.7114
5719,4335,91.83,4.91,1,1,1,0,0.7796
7272,1071,55.39,2.85,0,1,1,1,0.6433
18159,4526,39.81,2.67,1,1,1,1,0.6455
4456,4006,68.48,0.92,1,1,1,0,0.6912
9964,2537,54.37,6.16,0,1,1,1,0.5204
12824,2327,100.0,8.07,1,0,1,1,0.8164
6978,1269,99.11,10.47,1,1,1,1,0.7344
17377,4197,30.67,2.79,1,0,1,1,0.5684
11736,1756,100.0,5.45,1,1,1,0,0.7837
11773,4368,62.71,2.12,0,1,1,0,0.6255
11517,4254,86.07,6.05,0,0,0,1,0.6574
9553,4227,90.35,5.12,0,0,1,1,0.7627
3520,3581,85.18,5.08,1,1,1,1,0.8433
4083,2756,74.73,5.76,1,1,1,0,0.7272
10596,1543,56.45,5.39,1,0,1,0,0.5265
6036,2820,61.76,2.1,0,1,1,1,0.8338
12005,3083,90.48,5.11,1,1,0,0,0.7908
6093,3474,57.01,3.55,0,1,1,1,0.7209
18520,3310,82.35,5.48,0,0,1,1,0.7082
19509,2671,51.13,7.48,0,1,1,0,0.3536
11077,3257,32.08,3.79,0,1,1,1,0.5642
16433,1203,59.35,1.21,1,1,1,1,0.7903
11053,3356,77.1,1.23,1,1,1,0,0.7673
10435,662,65.93,6.19,0,1,1,1,0.6083
10032,2219,72.58,2.22,0,1,1,0,0.6916
16562,1671,52.18,7.31,1,1,1,0,0.5198
2753,2852,79.33,3.24,0,0,1,0,0.6438
3336,2187,61.01,2.63,1,0,1,1,0.7296
14140,4088,61.03,11.68,1,1,0,1,0.5619
2727,2790,97.5,1.96,0,1,1,1,0.8997
7519,3291,62.79,4.84,1,1,0,0,0.6599
18961,1511,68.44,2.17,0,0,1,0,0.645
7411,4157,64.85,1.78,0,1,1,0,0.6287
7971,4025,89.14,1.93,1,0,1,0,0.814
1612,1187,66.01,1.14,0,1,1,1,0.7403
11102,4104,79.05,7.38,1,0,1,0,0.5819
1226,4047,44.86,4.08,1,1,1,1,0.6855
19888,3272,84.74,2.07,1,0,1,0,0.71
11785,4636,100.0,1.69,1,1,1,1,0.9966
12101,1430,63.65,1.88,1,0,1,1,0.7922
15478,1836,62.44,6.76,1,1,1,1,0.6299
11449,1638,75.45,5.31,0,1,1,1,0.5947
6661,4417,86.95,2.45,0,1,1,1,0.8115
16282,3446,84.78,5.19,1,1,1,1,0.8607
5493,1643,62.27,4.37,0,0,1,1,0.7047
19146,3548,91.0,1.56,1,1,1,1,0.9231
19863,2193,66.62,0.65,1,1,1,0,0.712
8851,2544,59.73,3.41,0,1,0,1,0.5946
13946,2573,67.8,2.51,1,1,1,1,0.7871
11587,1271,64.87,0.18,1,1,1,1,0.8072
7716,4857,73.89,2.8,1,0,1,1,0.6731
11288,1825,60.3,5.76,1,0,1,0,0.5976
5912,1355,58.36,6.8,0,1,0,1,0.5809
12431,4191,81.58,4.32,0,1,1,1,0.7912
4760,2375,80.7,1.82,1,1,1,1,0.8939
14395,4308,36.51,1.51,1,1,1,1,0.6869
5658,3689,100.0,4.64,1,1,1,1,0.8535
19850,2782,100.0,2.23,0,1,1,1,0.9239
14749,1630,78.54,10.7,0,1,1,1,0.5722
18858,2742,33.61,1.84,0,1,1,1,0.5299
12172,506,61.78,1.41,1,1,1,0,0.6783
15730,3428,89.3,9.49,0,1,1,1,0.6798
10591,3915,47.07,4.95,0,0,1,0,0.4331
19693,1410,48.08,3.24,0,1,1,1,0.6223
15973,2436,73.12,0.7,0,1,1,1,0.7287
6498,2890,33.98,2.12,0,0,1,1,0.5336
10714,3956,79.88,1.26,1,1,1,1,0.8962
3151,1737,100.0,7.17,0,0,1,1,0.7393
2708,4130,79.35,2.48,0,1,1,0,0.6915
5761,3167,92.52,3.2,0,0,1,1,0.7844
3808,4325,21.61,4.92,1,1,1,1,0.5642
16688,2363,66.1,7.2,1,0,1,1,0.7701
2137,3027,73.85,3.54,1,1,1,1,0.8655
13306,2811,94.19,0.83,0,1,1,1,0.8947
16038,3675,83.42,9.1,1,0,1,1,0.6586
10101,687,100.0,5.39,0,1,1,0,0.6885
16717,1997,82.57,0.67,0,1,1,1,0.79
4701,3280,93.01,4.11,0,0,1,1,0.7213
17566,2089,81.67,3.9,1,1,1,1,0.8149
19691,1728,74.53,4.56,0,1,1,1,0.6813
14752,1764,39.23,1.96,1,0,1,0,0.5381
16275,1388,66.61,3.73,1,1,1,1,0.6812
16927,3992,46.22,5.63,1,0,1,1,0.6009
1522,4023,48.89,6.88,1,1,0,1,0.6124
2378,3874,82.02,4.13,0,1,1,1,0.7148
14411,2578,53.38,8.49,1,1,1,1,0.6155
15609,1439,61.32,9.14,1,0,1,0,0.4551
5213,2601,35.12,3.65,0,1,1,0,0.4436
9578,2658,50.11,5.34,1,1,0,1,0.6349
13096,4423,36.08,2.55,0,1,1,0,0.4051
16493,3962,42.93,3.6,0,0,1,1,0.6186
19591,4926,77.42,7.29,0,0,1,1,0.6301
2102,1741,82.71,3.74,1,1,1,1,0.8487
17661,732,83.25,1.56,1,1,1,1,0.8945
14379,3983,77.55,7.15,0,1,1,0,0.6019
4313,3341,53.3,12.16,1,1,1,1,0.5202
12837,3145,74.49,4.11,1,1,1,1,0.8814
1492,3806,53.23,4.49,1,1,1,0,0.5983
8866,2993,100.0,0.68,1,0,1,1,0.9595
1619,1382,53.55,8.02,0,1,1,1,0.571
11211,4782,80.58,4.19,1,1,1,1,0.8815
19601,2869,97.75,3.51,0,1,1,0,0.9145
10171,2951,40.73,4.01,1,1,1,1,0.6606
11195,1192,97.57,1.04,0,1,1,1,0.8679
13996,3371,83.73,4.96,0,1,1,1,0.8793
13839,2679,41.63,3.92,0,1,0,1,0.4886
13258,2968,51.37,1.5,0,1,1,1,0.6667
17673,2980,34.43,4.23,0,0,1,0,0.4248
2380,4396,18.83,1.24,0,1,1,0,0.3756
13707,3298,99.65,2.24,1,1,1,1,0.9357
8214,4311,53.52,8.7,0,1,1,0,0.3508
13541,1020,85.51,0.87,0,1,1,0,0.8102
6310,2252,76.24,1.09,0,1,1,0,0.6822
1508,2161,65.9,3.16,0,0,1,0,0.5689
19287,674,61.02,9.58,1,1,1,1,0.5258
9560,542,39.64,2.49,1,1,1,0,0.6695
1389,1499,70.8,4.77,0,0,1,0,0.5169
17835,2975,83.87,2.42,1,0,1,1,0.8325
16924,2878,57.2,2.47,1,1,1,0,0.594
17433,4451,94.75,1.14,0,1,1,1,0.8456
6941,3261,76.8,4.49,1,1,1,0,0.7037
15256,4302,54.06,3.43,1,1,1,1,0.6838
2518,3100,78.71,3.87,1,0,0,1,0.7162
2742,1806,93.8,6.7,0,0,1,1,0.7357
16226,1771,76.81,9.74,1,0,1,1,0.6871
1082,2420,84.45,1.52,1,0,1,1,0.8079
19163,1864,93.43,3.01,1,1,0,1,0.9315
13048,4638,44.15,5.45,0,0,1,1,0.4747
6039,2750,52.59,9.96,1,0,1,1,0.5224
5370,2866,41.99,3.9,1,1,1,0,0.5951
9024,794,65.81,1.69,1,1,1,1,0.7433
5458,1241,37.69,0.36,1,0,1,1,0.643
9326,4144,69.09,2.25,0,1,0,1,0.7144
2637,1424,85.81,4.29,1,0,1,1,0.8053
4606,776,36.8,2.68,1,0,1,1,0.6198
7121,1700,84.15,3.36,0,1,1,1,0.7998
1086,3012,63.73,2.18,0,0,1,1,0.5595
12821,2147,72.24,10.17,0,0,1,1,0.5062
12171,2236,44.83,1.89,0,0,1,1,0.5329
11602,636,38.28,0.45,1,1,1,1,0.764
12169,4688,65.18,1.34,0,1,1,1,0.7408
16810,1316,90.55,4.23,1,1,1,1,0.8904
10288,3179,81.54,2.79,0,0,1,1,0.8124
12676,4934,62.76,7.56,0,1,1,0,0.4564
4719,3081,56.54,0.93,1,1,1,1,0.7815
7476,3104,54.98,3.1,1,1,1,1,0.7289
9026,3806,62.09,4.22,1,0,1,0,0.6103
17633,2392,26.69,4.18,1,0,1,1,0.6154
3942,719,47.98,1.22,1,1,1,1,0.7239
4516,3840,53.9,8.93,0,1,1,1,0.5811
19945,3749,87.21,7.3,1,0,1,1,0.7254
13226,3793,73.2,0.74,1,0,1,1,0.8068
5933,1863,96.17,5.63,0,1,1,1,0.831
17034,2040,89.6,4.34,1,0,1,1,0.9112
16623,2878,55.54,5.11,1,1,1,1,0.7425
15908,3005,69.74,2.87,0,1,1,1,0.7116
17285,3350,91.99,3.99,0,1,0,1,0.8084
11776,567,100.0,2.22,0,1,1,1,0.894
18722,4134,28.0,2.61,1,1,1,1,0.4774
14878,1598,70.03,1.0,1,1,1,0,0.8067
19062,1115,100.0,2.41,1,0,0,1,0.9728
9566,706,78.3,4.68,1,1,1,0,0.626
10802,3423,80.78,2.27,1,0,1,1,0.8106
14455,1441,47.39,5.21,1,0,1,1,0.6235
2230,3154,71.5,2.31,1,1,1,1,0.842
2546,1594,56.81,1.82,0,0,1,0,0.5362
11295,2442,79.59,1.99,0,0,1,1,0.7909
18420,4631,81.9,2.09,0,1,1,0,0.6008
3011,3873,67.0,2.49,1,0,1,1,0.7668
14757,3716,76.26,3.24,1,0,1,0,0.7099
14223,2653,29.21,4.46,1,1,1,0,0.3959
18228,946,100.0,5.09,0,1,1,1,0.8399
3535,2432,17.46,10.09,1,1,1,1,0.4305
12084,2195,56.61,2.4,0,1,1,1,0.6874
7855,2794,86.57,1.22,1,1,0,1,0.9062
17732,4408,80.4,1.39,0,1,1,1,0.8307
1336,2473,94.58,4.43,0,0,1,1,0.6737
9519,2299,84.84,6.63,1,1,1,1,0.8723
12601,3328,52.56,7.19,1,0,1,1,0.6302
4435,2931,71.13,2.18,1,0,0,1,0.728
19074,1844,76.59,1.03,1,1,1,1,0.8972
10940,4424,41.31,1.28,1,0,1,1,0.6105
13391,2374,45.35,7.53,0,0,1,1,0.5586
12989,3789,64.96,5.31,1,1,1,1,0.7029
15330,2461,87.63,6.63,0,1,1,0,0.6084
12151,683,48.09,4.16,1,1,1,1,0.7435
12273,4747,85.55,5.02,0,0,1,1,0.7395
7305,2898,95.42,1.82,0,0,1,1,0.8203
6552,1127,82.33,4.33,0,1,1,1,0.7254
10175,1388,37.95,1.08,0,0,1,0,0.4725
11178,4123,91.54,0.63,1,1,1,1,0.9013
1310,1760,41.51,4.61,1,1,1,1,0.6663
11956,1390,63.54,4.45,1,1,0,1,0.8065
19103,2087,70.47,2.27,1,1,1,1,0.8354
5117,1177,78.86,3.71,0,1,1,1,0.7602
1589,3321,44.2,4.07,1,1,1,1,0.6408
1406,3576,74.51,1.23,1,1,1,1,0.8196
15719,3434,100.0,3.52,1,1,1,1,0.8978
15698,1573,32.85,2.64,1,1,0,1,0.5858
4907,1307,76.35,2.55,1,0,1,1,0.7933
13458,2706,38.47,3.95,1,1,1,1,0.6788
17806,4181,64.03,4.09,1,1,1,1,0.747
18831,1107,76.2,4.8,1,1,1,1,0.7829
8263,1975,55.55,1.89,1,1,1,1,0.7205
14704,2623,100.0,7.86,1,0,1,0,0.7472
16406,3431,25.04,7.77,0,1,1,1,0.4176
13662,2460,54.88,2.05,1,1,1,1,0.7447
3941,1477,31.81,8.03,1,0,1,1,0.4874
10548,2830,59.92,9.22,1,0,0,1,0.5858
1016,4848,47.37,1.57,0,0,0,1,0.5314
18353,1594,50.54,3.31,0,1,1,0,0.4984
4092,4659,80.55,2.7,1,1,1,0,0.7778
17428,2310,62.24,1.44,0,1,1,1,0.7517
15226,3906,80.33,6.53,0,0,1,1,0.591
7792,2682,87.87,7.67,1,1,1,1,0.7569
2161,629,100.0,7.08,1,0,1,1,0.8362
3654,4292,100.0,1.43,0,1,1,0,0.7576
12559,1317,88.01,4.64,1,1,1,1,0.7672
4867,943,100.0,2.93,1,0,1,0,0.8117
11401,4172,65.82,4.91,0,0,1,0,0.4644
16995,3979,100.0,13.46,0,1,1,0,0.5444
14158,779,84.34,4.06,0,1,1,1,0.752
11878,3395,87.47,2.21,1,0,1,0,0.7383
6581,4314,80.87,7.34,0,0,0,1,0.5548
7638,1109,83.65,2.59,0,0,1,0,0.6738
6229,2737,31.91,7.36,1,1,0,1,0.5331
2985,3278,63.4,2.82,0,0,1,1,0.7023
7754,4103,71.82,7.84,0,1,1,1,0.6533
3076,3494,96.96,1.72,0,1,1,1,0.8778
15220,4012,66.57,2.28,1,0,1,1,0.6671
13182,798,88.43,1.74,1,1,1,0,0.8094
16882,3353,66.72,0.54,1,1,1,1,0.8484
13615,1966,56.01,7.33,1,1,1,1,0.6297
11355,4855,87.42,8.54,1,1,1,0,0.6436
8707,1246,68.24,4.29,0,1,1,1,0.6336
15414,1446,36.25,1.65,1,1,1,0,0.691
18576,4925,100.0,2.12,1,1,1,1,0.9829
9693,1229,55.43,1.72,0,0,1,1,0.622
17017,1007,73.14,6.72,0,1,1,1,0.6786
15877,1801,3.21,13.31,1,0,1,0,0.128
17825,2381,78.72,0.14,1,1,1,1,0.8719
2725,3688,86.89,11.57,0,1,1,1,0.588
6540,1709,57.85,3.14,1,1,1,1,0.811
19565,1949,74.26,4.69,1,1,1,0,0.7577
10846,764,79.98,5.01,1,1,1,1,0.7668
9226,4089,86.27,6.76,1,0,1,1,0.7363
10906,1056,91.11,1.93,1,1,1,1,0.8815
15308,1951,60.24,5.93,0,0,1,1,0.5366
15506,4729,44.31,4.23,0,1,0,0,0.4713
6560,2726,92.95,1.78,1,1,0,1,0.9391
4340,4743,71.14,4.79,1,1,1,0,0.6476
2784,4010,80.05,2.51,0,1,1,1,0.805
11065,4303,59.33,10.0,1,1,0,1,0.5096
14921,626,95.59,0.26,1,1,1,1,0.9249
10654,4586,64.33,0.56,1,1,1,1,0.9224
17234,1875,92.85,0.56,0,1,1,1,0.9106
5530,1181,53.75,2.02,0,1,1,0,0.5697
3159,3748,62.04,1.99,1,1,1,0,0.5974
19981,1401,69.35,3.5,0,1,0,1,0.6741
10456,2407,81.59,3.96,1,1,1,1,0.8917
6618,3388,44.6,4.13,0,0,1,1,0.4603
15175,2014,100.0,0.78,1,1,0,1,0.9691
11860,1911,52.71,1.08,1,1,1,1,0.7239
5712,566,83.49,2.67,0,1,1,1,0.8148
15643,698,53.87,0.59,1,1,1,1,0.8153
1798,1287,84.69,1.38,1,1,1,1,0.8893
11937,3670,100.0,1.44,0,1,1,0,0.7967
3371,3586,71.52,4.54,0,1,1,1,0.7144
18551,610,86.04,2.02,1,1,1,1,0.9124
7691,4492,78.14,2.34,1,0,1,1,0.849
10499,1689,69.71,3.01,1,0,1,1,0.8009
16240,2144,55.91,6.76,0,1,1,0,0.53
19714,2254,68.77,3.23,1,1,1,1,0.7079
19640,4310,84.09,1.72,1,0,1,0,0.6241
6969,1573,48.41,1.09,0,1,1,1,0.714
9033,1483,76.84,3.49,1,0,0,1,0.7734
16708,1605,90.25,2.94,1,0,1,0,0.7581
12357,4935,58.76,8.41,1,1,1,1,0.6271
9633,3050,71.69,9.67,1,1,1,1,0.6563
14799,2236,66.81,0.86,1,1,1,0,0.713
10637,2798,72.99,2.64,1,0,1,1,0.8471
11345,1628,40.52,4.12,0,1,1,1,0.5784
12703,3241,56.15,0.4,1,1,1,0,0.6841
11050,2618,100.0,4.24,0,1,1,1,0.8346
3410,2320,50.49,7.96,1,0,1,1,0.5148
5631,1907,54.2,0.53,0,1,1,1,0.7269
7568,3101,66.99,2.56,0,0,1,0,0.5257
9107,2005,76.39,3.82,1,0,1,0,0.7325
1060,1577,70.16,2.56,1,1,1,1,0.7826
7957,1504,52.18,6.37,1,0,1,1,0.4957
2861,3420,50.12,4.54,0,1,1,0,0.498
8118,1047,78.24,2.41,0,1,1,1,0.7147
8798,4291,56.6,7.37,0,0,1,1,0.5412
11833,3614,87.24,2.84,1,1,1,1,0.8594
14204,3668,57.71,1.82,1,1,1,1,0.7489
4565,2734,80.67,2.15,1,1,1,0,0.7947
14273,1492,79.02,5.51,0,0,1,0,0.4884
5920,3701,75.05,0.83,0,0,1,1,0.7121
19122,1864,90.07,3.66,1,0,1,1,0.7772
1156,1234,40.46,3.34,1,0,1,1,0.6065
16323,1496,100.0,3.01,1,1,1,1,0.8493
15923,4772,79.66,7.15,1,1,1,1,0.7187
10261,2849,58.67,3.48,1,0,0,1,0.6229
12397,4743,100.0,5.09,0,0,1,1,0.7314
4010,567,52.32,10.79,1,0,1,0,0.4309
18985,3293,89.21,4.68,0,1,1,1,0.6848
18916,737,87.28,2.51,1,1,1,1,0.8539
2797,2631,80.75,4.57,1,0,1,1,0.7136
14465,1672,80.41,4.82,1,1,1,1,0.8572
1363,2666,57.84,4.36,1,1,1,0,0.696
4203,3397,40.08,4.34,1,0,1,1,0.6031
7795,3067,56.23,2.37,1,0,1,1,0.7639
10045,4232,70.44,2.74,1,1,1,1,0.8553
6961,1969,70.59,2.68,1,0,1,1,0.6957
3007,1300,81.85,1.73,1,0,1,1,0.8274
8347,4365,98.97,2.92,1,1,1,1,0.9257
5497,3169,53.15,7.54,0,1,1,1,0.481
16577,3735,33.47,3.71,1,1,1,0,0.489
1545,2427,59.37,3.83,0,1,1,1,0.5971
16033,1773,77.22,3.95,1,1,1,0,0.7718
14515,753,63.56,2.2,1,1,1,0,0.7633
1654,1259,73.79,4.16,0,0,1,1,0.697
7380,1508,43.52,2.64,1,1,0,0,0.555
9075,4952,18.87,3.71,1,0,1,0,0.3793
3637,1565,12.16,11.24,1,1,1,0,0.2262
1654,2946,66.77,1.97,0,1,1,1,0.7279
17956,1832,74.86,1.87,0,1,1,1,0.7148
4407,3640,52.35,0.84,0,1,1,1,0.744
9624,1335,57.97,2.74,1,0,1,1,0.7062
6930,4522,75.12,4.74,1,1,1,1,0.8127
16728,3564,68.1,5.22,0,0,1,1,0.641
8060,2498,94.89,3.36,1,0,1,1,0.9169
5150,3539,61.16,0.94,1,1,1,0,0.7034
18264,4314,95.57,5.32,0,0,1,1,0.7401
11386,4055,84.49,1.4,1,1,1,1,0.9099
17645,2348,63.88,5.61,1,1,1,1,0.7374
15021,4614,48.2,3.63,0,1,1,1,0.583
14509,872,86.94,3.73,1,1,0,0,0.7489
5378,3490,81.17,11.2,0,1,1,0,0.5287
6670,3959,100.0,3.23,1,1,1,1,0.8569
17727,4286,97.11,2.41,1,1,1,1,0.8822
19133,3342,91.46,2.11,0,1,1,0,0.7476
11095,1178,100.0,2.49,1,1,1,0,0.8764
15266,2940,62.38,4.95,1,0,1,1,0.6787
19625,3265,79.87,1.2,0,0,1,1,0.8019
6470,4773,100.0,3.54,1,1,1,0,0.8115
11214,618,90.81,3.32,0,1,1,1,0.7998
12620,2761,54.87,4.33,1,0,1,1,0.6731
6171,824,60.25,1.17,1,1,1,1,0.7992
1687,809,43.33,1.65,0,1,0,1,0.5841
19256,2524,56.8,1.98,1,0,1,1,0.6898
19827,1227,92.81,14.84,0,1,1,0,0.4974
11109,3386,35.83,3.83,1,0,1,1,0.5206
2093,4380,76.9,1.59,1,1,1,1,0.8391
18573,3189,52.71,4.04,0,1,1,1,0.6662
14937,2680,71.93,2.56,1,0,1,0,0.7222
7368,2563,82.92,3.54,0,1,1,1,0.825
8959,4433,57.85,2.39,0,1,1,1,0.6514
19312,848,76.77,2.79,1,1,1,1,0.8518
2893,3540,79.75,6.94,0,1,1,1,0.663
18458,4469,68.57,4.93,0,1,1,1,0.7238
15345,3685,75.24,0.41,1,1,1,1,0.9366
3302,2783,95.31,2.92,0,0,1,1,0.767
1524,1387,69.91,4.39,1,1,1,0,0.6678
13916,3770,80.65,2.81,1,0,1,1,0.8657
13067,3433,81.49,3.02,0,1,1,0,0.6732
19224,3791,79.82,6.56,1,0,1,1,0.7846
15196,3470,72.15,4.44,0,1,1,1,0.7412
4670,1525,89.58,2.28,0,1,0,1,0.8453
8938,4641,55.99,5.42,0,1,0,1,0.6268
16566,1794,54.7,6.07,0,1,1,1,0.6786
10318,796,87.37,0.4,1,0,1,0,0.8197
11694,4499,75.31,3.21,1,1,1,1,0.8491
19467,2540,80.67,16.24,0,1,1,1,0.5411
11531,3239,94.35,2.23,1,1,1,1,0.9837
15374,1808,68.94,2.1,1,1,1,0,0.7728
12110,3042,94.0,2.54,1,1,1,1,0.9509
6131,3960,77.4,5.08,0,0,1,1,0.6188
18065,4432,87.46,2.42,1,1,1,1,0.8027
14161,819,71.98,2.08,0,0,1,0,0.6889
18459,4376,53.3,3.59,1,1,0,1,0.6905
17925,2661,86.18,2.04,0,1,1,1,0.7577
6419,3222,64.03,2.07,0,0,1,1,0.7083
6073,2145,55.35,3.26,1,1,1,1,0.7451
4906,4992,49.65,3.59,0,1,1,1,0.6047
10699,3070,46.72,10.65,0,0,1,0,0.3516
5987,1041,53.22,1.03,1,1,1,1,0.77
5423,2758,46.58,13.33,0,1,1,1,0.3686
5886,4218,85.44,0.91,1,1,1,1,0.937
12675,3220,56.93,3.49,0,1,1,1,0.6031
2392,3105,66.63,9.31,0,0,1,1,0.5676
16605,2061,100.0,4.99,0,1,0,1,0.8743
17634,2044,64.34,2.57,1,1,1,0,0.6302
11871,3385,96.57,0.84,1,1,1,1,0.9588
16450,4175,33.07,6.09,0,0,1,1,0.4596
1355,4734,49.26,5.36,0,1,1,0,0.4209
18622,2713,45.05,2.68,1,1,0,0,0.6323
16193,4485,95.71,1.96,1,1,1,1,0.9893
3686,4974,69.23,4.77,1,1,1,1,0.7935
9802,3275,74.59,3.21,1,0,1,0,0.6776
3739,1440,58.92,4.12,1,0,1,0,0.6095
10896,3284,92.64,3.64,1,0,1,1,0.7655
5792,2934,81.41,5.19,1,1,1,1,0.8212
14809,831,67.45,3.54,0,0,1,1,0.6672
16166,4809,81.87,7.09,0,1,0,1,0.6387
10215,4234,75.09,7.08,0,1,1,1,0.7903
8860,3013,87.2,7.53,1,1,1,1,0.7901
11970,4921,68.66,8.68,0,0,1,1,0.5479
13144,1530,44.72,4.75,0,1,1,1,0.4788
11000,1811,64.75,0.68,0,1,0,1,0.694
5864,1624,93.11,5.34,1,0,1,1,0.772
17343,3165,72.88,0.56,0,0,1,1,0.7315
19939,4915,69.19,0.84,0,1,1,1,0.7713
13886,895,100.0,6.32,1,0,1,1,0.8935
1058,3430,89.39,0.28,1,1,1,1,0.9202
7261,2237,80.62,3.73,1,0,0,0,0.6343
18493,4271,78.31,4.96,1,0,1,1,0.7694
14969,742,53.35,0.86,1,0,1,1,0.7838
3972,2372,51.62,1.36,0,0,1,0,0.525
8450,3397,71.07,6.52,1,1,1,1,0.7723
19549,3808,90.92,1.27,0,0,1,1,0.8437
8460,3578,51.97,5.15,0,1,1,1,0.575
18414,2265,96.51,3.63,0,1,1,1,0.8745
1834,3322,47.67,5.31,1,1,1,0,0.5644
19550,834,52.62,7.04,1,1,1,0,0.4364
6141,2294,66.65,0.91,0,1,1,1,0.7603
12630,724,78.82,5.06,1,1,1,1,0.8686
14863,2323,66.09,6.89,1,0,1,1,0.6996
10496,1201,62.16,3.94,1,1,1,1,0.7303
5133,1659,28.55,1.43,1,1,1,1,0.59
16368,2324,87.74,3.72,1,0,1,1,0.8345
17448,1799,56.62,2.79,1,1,1,0,0.6846
18207,3931,100.0,8.73,1,0,1,1,0.7515
3902,4218,100.0,5.61,1,0,1,1,0.8399
13641,1504,79.88,1.34,1,1,1,1,0.8497
19062,722,55.69,3.35,1,0,1,1,0.7737
11860,1554,74.26,6.82,1,1,1,1,0.8159
4190,1097,66.59,1.64,1,1,1,1,0.7836
6481,3182,31.87,4.4,1,1,0,1,0.6525
3908,2125,57.71,2.0,0,1,1,1,0.7309
5613,735,83.06,1.85,1,0,1,1,0.834
11218,893,70.83,6.79,1,1,1,0,0.5463
12455,2043,74.43,6.46,1,0,1,1,0.822
1966,1389,33.58,1.82,0,1,1,0,0.4209
12115,4753,53.4,1.72,1,1,1,1,0.7593
16738,1186,70.65,5.88,1,0,1,1,0.6983
14201,3239,41.92,1.05,1,0,1,0,0.4727
12939,3336,63.5,1.45,0,1,1,0,0.6131
16371,534,69.71,5.1,1,1,0,1,0.775
6409,1978,96.97,5.53,1,1,1,1,0.8802
12856,3487,74.63,2.53,1,0,1,1,0.7947
8705,4588,85.96,1.12,1,1,1,1,0.871
6246,692,69.78,1.14,0,1,1,0,0.6617
19897,1298,59.93,2.96,1,0,1,0,0.553
2699,1529,75.12,4.96,1,1,0,0,0.7589
9419,648,66.75,2.05,1,1,1,1,0.6652
7256,2688,71.68,2.78,0,1,1,1,0.8089
7605,2559,75.28,2.95,1,1,1,1,0.7785
7597,4811,71.25,1.95,1,0,1,1,0.8109
4671,4236,70.61,2.79,1,1,1,1,0.7655
4241,3557,55.3,9.76,1,1,1,1,0.6126
13041,2933,86.76,5.67,1,0,1,1,0.8097
6257,2085,43.02,2.6,1,1,1,1,0.7134
3514,4469,100.0,7.78,0,1,1,1,0.7405
1864,4363,57.9,5.61,0,1,1,1,0.6829
10965,4068,100.0,17.36,0,1,1,1,0.7017
5811,4433,67.01,0.5,0,1,1,1,0.7375
17493,4132,41.93,1.92,0,1,1,1,0.6619
17529,3263,79.51,1.66,1,1,1,1,0.9446
10148,880,77.33,0.76,0,0,1,1,0.7418
2425,3312,91.68,3.91,1,1,0,1,0.7839
12157,2867,56.05,2.13,1,1,1,1,0.7469
19491,2340,100.0,9.2,1,1,1,1,0.7429
10763,3779,83.74,2.72,1,1,1,0,0.7122
19385,4378,100.0,7.25,1,1,1,1,0.7551
10481,4265,98.64,1.22,1,0,1,0,0.8628
9077,4222,41.13,8.27,1,1,1,1,0.5058
7853,2436,75.17,6.85,0,1,1,1,0.6997
10173,4031,78.92,3.38,0,1,1,0,0.6121
13719,3877,100.0,3.4,1,0,1,1,0.8378
7772,798,62.9,0.98,1,0,1,1,0.7686
2861,2366,72.99,0.85,1,1,1,0,0.8322
14358,2229,80.69,3.57,0,1,1,1,0.695
16015,3727,64.33,3.51,0,1,1,1,0.6495
10546,1793,89.28,3.28,0,1,1,0,0.6405
9190,4823,85.87,4.54,1,1,1,0,0.7636
10139,4238,51.41,3.52,1,0,1,1,0.7617
17460,1315,82.75,0.86,1,0,1,1,0.9095
1244,3125,30.65,3.28,1,1,0,1,0.5757
11892,3505,77.71,2.91,0,1,1,1,0.8433
6108,2724,71.66,3.43,0,1,1,1,0.7942
5083,1245,45.83,1.96,1,1,1,1,0.7243
13213,1836,72.08,11.99,0,1,1,1,0.6042
12580,3252,62.67,2.78,1,1,1,1,0.7693
7766,1230,48.36,9.49,1,1,1,1,0.5928
10858,4924,56.43,1.97,1,1,1,0,0.7077
8999,4121,52.6,7.04,1,1,0,1,0.6638
17330,901,43.2,2.37,1,0,1,0,0.5792
8522,3175,82.79,5.19,1,1,1,1,0.8048
2409,513,35.21,0.31,0,0,1,1,0.634
7766,3970,69.94,2.14,0,1,1,1,0.7423
2344,823,53.94,11.04,1,1,1,1,0.6231
2019,3765,93.72,9.1,0,0,1,1,0.6427
16588,2289,52.31,4.64,1,1,1,1,0.7421
12317,1799,67.06,0.39,1,1,1,0,0.7597
13388,3627,56.81,1.22,1,0,1,1,0.671
5053,1745,44.11,3.12,1,1,1,1,0.7292
13638,679,84.84,3.68,1,1,0,1,0.8143
6344,3528,63.61,4.94,1,1,1,1,0.7071
1603,3562,100.0,11.91,0,1,1,1,0.6251
11538,1599,91.88,2.11,0,1,1,1,0.7592
10795,3552,50.86,5.47,1,1,1,1,0.7053
3586,3148,85.93,5.84,1,0,1,1,0.8151
16321,4954,51.86,1.35,0,0,1,1,0.6288
2785,4043,64.57,3.86,0,0,1,1,0.71
9027,1569,23.89,5.71,1,0,1,1,0.3962
8928,3433,77.48,6.05,1,1,1,1,0.8205
18472,1680,77.96,7.62,1,1,1,1,0.7374
14017,739,89.95,2.11,0,1,0,0,0.6132
13612,2835,31.93,2.97,1,1,0,1,0.6164
15574,537,71.49,6.78,1,1,1,1,0.7506
1256,1171,68.01,6.22,0,1,1,1,0.6616
10581,4356,59.34,3.91,1,1,1,0,0.714
17630,3719,63.54,3.62,1,0,1,1,0.6976
4644,4390,58.5,1.98,0,1,1,1,0.6951
16700,3534,83.96,3.41,0,1,1,0,0.6217
2509,4712,75.95,3.71,0,1,1,0,0.6565
19880,3999,83.91,7.39,0,1,1,0,0.6066
15714,1525,32.18,3.82,0,0,1,1,0.5295
4026,2528,47.68,9.06,1,1,1,1,0.5839
18824,1265,100.0,1.44,1,1,1,0,0.816
14873,3154,86.41,3.07,1,1,1,1,0.8182
9848,3482,40.13,0.31,1,1,1,1,0.6799
19244,3639,82.55,0.89,0,0,1,1,0.6838
18430,2676,42.5,2.89,0,1,1,0,0.4708
16225,2381,62.27,0.91,1,0,1,0,0.7234
13500,3853,36.97,2.31,1,1,1,1,0.6333
5016,3337,53.32,5.53,0,1,1,1,0.5879
12109,1946,90.45,2.14,1,1,1,1,0.9066
11097,4501,91.2,2.42,0,1,1,1,0.8426
15908,3898,65.3,1.52,1,1,0,0,0.6735
5019,4727,79.72,3.77,1,1,1,1,0.7802
17911,1416,81.3,3.31,1,1,1,1,0.8162
14960,1190,91.64,5.43,1,1,1,1,0.8981
16150,915,58.98,3.31,1,1,1,1,0.7275
4816,2256,98.81,5.5,1,1,1,1,0.8583
18118,2968,43.2,2.8,1,1,1,1,0.7053
9572,3582,58.16,5.44,1,0,1,1,0.5452
7780,2974,74.8,4.75,0,0,1,1,0.6201
19321,1646,100.0,1.24,0,1,1,1,1.0
18845,4016,43.82,1.99,0,0,1,1,0.5992
8205,3996,81.16,1.9,1,1,1,1,0.8259
11383,3135,91.99,2.87,0,1,1,1,0.8192
6041,3600,89.28,3.14,0,1,1,0,0.7919
3284,2089,67.32,2.36,1,1,1,1,0.8584
12441,4718,84.01,5.93,1,1,1,0,0.7503
7212,3833,87.24,0.93,1,1,1,1,0.9277
6539,653,90.51,3.44,0,1,1,1,0.8458
8399,4432,34.53,3.32,1,1,1,1,0.5884
16082,1888,74.47,1.26,1,1,1,1,0.925
12750,2886,100.0,4.23,1,0,1,0,0.7271
12542,1550,68.11,1.68,0,1,1,0,0.6645
4951,2997,84.07,3.03,1,0,0,1,0.8094
13889,1595,55.64,3.82,1,1,1,1,0.6874
5888,1712,90.82,1.02,1,0,1,0,0.746
15780,1861,87.66,4.68,0,1,1,1,0.7092
7431,4012,43.22,7.62,1,0,1,0,0.4772
17301,1184,96.85,0.06,1,0,1,1,0.9926
2234,801,96.55,12.91,1,1,1,0,0.5876
6263,4594,52.59,1.8,1,1,1,0,0.6334
9050,1925,40.35,2.45,0,1,1,1,0.54
10894,1373,39.35,7.21,0,1,1,1,0.512
8902,1689,100.0,4.36,1,1,1,1,0.9521
5023,1216,51.98,7.16,0,0,1,1,0.5301
8634,3806,74.16,1.26,1,1,1,1,0.8605
1731,1299,64.74,2.65,0,1,1,1,0.6442
4367,2915,100.0,1.08,0,1,1,1,0.8746
5975,4758,43.91,2.27,1,1,1,1,0.558
8145,806,84.0,5.71,0,1,1,1,0.7939
2550,2292,87.51,6.5,1,1,1,0,0.7934
15150,1874,57.9,4.79,1,1,1,1,0.7161
11268,944,48.88,2.43,1,1,1,1,0.6111
13459,993,82.55,7.11,0,0,1,1,0.6891
14795,1255,54.51,6.19,0,0,1,0,0.5218
18529,4894,65.21,5.38,0,0,1,1,0.5893
19899,4915,100.0,5.38,1,1,1,0,0.8257
9907,4085,80.69,3.52,0,0,1,1,0.6612
14465,4587,43.84,0.41,0,1,0,1,0.688
18648,4224,80.72,0.16,0,1,1,1,0.797
2384,4903,54.5,1.65,1,1,0,1,0.7768
11482,972,67.71,3.56,1,1,1,1,0.7619
15126,4159,100.0,6.53,0,0,1,1,0.7706
4395,1703,30.16,1.0,0,0,1,1,0.5024
4146,2325,55.07,2.52,0,1,1,1,0.6761
15377,1616,67.19,4.66,1,1,1,1,0.8148
18743,1591,64.65,1.92,1,0,1,1,0.6862
1073,2160,60.2,4.21,1,1,1,1,0.6697
14145,3365,63.61,3.32,1,0,1,0,0.6257
8441,3978,44.29,1.54,0,0,1,1,0.6033
14665,892,100.0,11.22,1,0,1,1,0.6842
6097,2160,100.0,6.5,1,0,1,1,0.8879
10304,2734,96.05,3.7,1,1,1,1,0.8374
14071,3630,36.63,1.96,0,0,1,1,0.4147
1442,4111,68.73,8.48,1,0,1,1,0.6014
9720,3824,60.77,1.05,0,1,1,0,0.5622
15799,3259,46.36,6.62,0,0,1,1,0.5718
19384,1971,47.37,3.21,1,1,1,1,0.732
6935,1223,76.36,1.9,1,1,1,0,0.7171
8641,1238,45.54,4.39,1,0,1,1,0.6203
7908,3152,67.14,1.4,1,0,0,0,0.7134
15901,2946,44.59,1.22,1,1,1,1,0.7592
19193,3507,61.68,5.15,1,1,0,0,0.5434
8494,4455,98.49,1.73,1,1,1,1,0.9433
18168,3196,46.36,4.48,0,1,1,1,0.6238
8252,4029,76.02,8.58,1,1,1,1,0.7046
9065,4380,69.65,2.4,0,0,1,1,0.7104
12929,4397,95.2,0.72,1,1,1,1,1.0
14798,4044,50.4,5.32,0,1,1,1,0.585
17116,2400,92.24,0.38,0,1,1,1,0.9425
18199,3011,80.07,3.24,1,0,1,1,0.8035
12019,1337,93.12,5.76,1,1,1,1,0.8388
1591,2760,89.6,8.06,1,1,0,1,0.8171
13386,1765,100.0,1.17,1,1,1,0,0.8572
15706,3236,68.81,6.51,1,0,1,1,0.5944
13026,2203,92.53,2.94,1,1,1,1,0.8356
18798,1029,65.49,0.19,1,1,1,0,0.7505
16611,3315,80.25,1.84,1,1,1,1,0.839
19298,1088,87.3,1.73,1,0,1,1,0.8386
12244,4982,94.46,1.52,0,1,0,1,0.8728
6037,4219,39.21,1.26,1,1,1,1,0.6617
10271,4098,44.61,9.08,0,1,1,1,0.4688
5250,1698,38.23,1.8,0,1,1,0,0.4598
4065,2536,63.16,1.24,0,1,1,0,0.6487
9680,1985,59.4,3.57,1,0,1,1,0.6993
10664,758,34.89,1.84,1,0,1,0,0.5589
4196,1860,73.58,4.87,1,1,1,1,0.7297
14410,4098,66.73,7.43,0,1,1,0,0.5948
19580,2011,64.19,0.82,0,0,1,1,0.6075
3593,2623,90.78,4.9,1,1,1,1,0.8824
6340,1951,77.67,2.07,1,1,1,1,0.8487
14782,592,52.32,6.77,0,1,1,0,0.5025
14864,2025,60.58,2.19,1,0,1,1,0.6807
16954,3159,56.04,2.85,1,1,1,1,0.6699
18106,1782,82.82,8.89,0,1,0,1,0.7275
16389,3837,69.62,3.25,0,1,1,1,0.7708
11164,2293,65.01,2.47,1,0,0,0,0.6832
3611,3093,70.18,2.06,1,1,1,1,0.8804
6247,4577,74.81,8.12,1,1,1,1,0.7882
3504,1964,25.1,3.24,1,1,1,1,0.5478
2816,752,69.98,6.46,1,1,1,0,0.6332
18332,2790,100.0,10.66,0,0,1,1,0.6564
17705,4650,47.47,1.56,1,0,0,1,0.6413
6002,3491,37.44,6.89,0,0,1,0,0.4442
16489,1518,52.98,2.02,1,1,1,1,0.7395
14240,607,100.0,3.41,0,1,1,1,0.8105
16250,3546,100.0,11.23,1,1,1,0,0.6882
19144,2833,78.18,5.37,0,1,1,0,0.5713
2811,4411,86.91,2.94,0,1,1,0,0.6118
2665,1638,71.77,2.5,1,1,1,1,0.8529
11523,4185,56.92,1.25,0,1,1,1,0.6691
10113,904,62.66,4.13,0,0,1,1,0.649
10476,1084,67.66,6.33,1,1,1,1,0.6902
18198,1915,68.35,3.16,1,1,1,1,0.6095
7201,3664,71.5,3.22,0,1,1,1,0.8071
3180,2460,61.41,0.98,0,1,1,1,0.7771
15274,1946,32.65,2.47,0,1,1,1,0.6027
11571,4622,45.16,6.98,1,1,1,1,0.6039
11945,2419,70.47,2.85,1,1,0,1,0.7785
10228,4228,66.26,11.36,0,0,1,1,0.5584
5839,4457,70.49,4.98,0,1,1,1,0.7278
1510,3904,64.67,2.88,1,0,1,1,0.7539
16136,2644,61.48,6.62,1,1,1,0,0.5653
12741,917,76.35,2.63,1,1,0,1,0.7203
8820,4209,76.27,5.51,1,1,1,1,0.8219
9473,1781,65.03,3.97,1,1,1,1,0.7856
6624,1438,89.82,9.52,0,1,1,0,0.6655
7021,1703,38.57,1.46,0,1,1,1,0.632
15841,4035,79.12,1.14,1,1,0,1,0.8453
16025,3402,57.71,5.03,1,1,1,1,0.6414
15485,3422,72.73,11.16,0,0,1,1,0.5507
10292,2170,42.3,1.76,1,1,1,1,0.7475
4679,1796,80.18,12.34,1,1,0,1,0.6132
7764,1284,90.08,0.37,0,0,1,1,0.8855
17888,3886,100.0,4.22,1,1,1,0,0.7924
18861,2897,72.05,2.62,1,1,1,1,0.8767
2701,1786,29.74,1.42,0,1,1,1,0.5345
9853,1408,65.79,1.24,1,1,1,1,0.8298
11503,1661,69.53,1.87,1,0,1,1,0.7587
6526,1306,87.48,6.21,1,0,1,1,0.7478
3460,3942,83.27,8.25,1,1,1,1,0.7228
13204,1204,100.0,2.37,1,1,0,1,0.9814
6747,2223,75.29,9.18,0,0,1,1,0.5808
11903,900,63.89,8.23,0,1,1,0,0.4989
7205,4895,61.19,12.15,0,1,1,1,0.481
18143,3268,86.27,1.59,0,1,1,1,0.8157
6479,2749,29.58,10.14,0,1,1,1,0.4046
7931,3924,42.19,6.77,0,1,1,1,0.4683
17476,3678,56.7,1.53,1,0,1,1,0.7064
14331,502,100.0,7.26,0,0,1,0,0.6518
13936,4508,50.01,5.56,1,1,1,1,0.7548
19932,4193,100.0,3.36,1,1,1,0,0.8166
10839,3545,68.67,6.14,0,0,1,1,0.6101
4765,1158,100.0,4.01,0,0,0,1,0.7469
5883,1166,77.89,1.24,1,1,1,1,0.9382
16996,3096,57.48,1.39,1,0,1,1,0.6735
12802,4955,54.62,3.0,1,1,1,0,0.5821
3570,824,60.99,1.74,1,1,1,1,0.7271
19704,2146,50.44,7.98,1,1,1,1,0.6201
15903,3287,100.0,1.23,1,1,0,1,0.9217
12226,3131,86.27,3.23,0,0,1,1,0.8231
16256,1192,99.9,3.24,0,0,1,1,0.8037
9784,2105,75.49,2.54,0,1,1,1,0.7768
17568,720,74.18,3.49,1,1,1,1,0.8327
1143,867,88.02,0.77,0,1,1,1,0.8674
1944,4381,95.66,3.54,0,0,1,1,0.808
17347,4259,81.9,6.45,1,1,1,1,0.807
3010,2391,59.91,3.67,1,1,1,0,0.7281
9888,1737,81.94,6.5,0,1,1,0,0.5697
5866,2447,64.76,3.03,0,1,0,0,0.6124
1015,1105,63.8,10.28,1,1,1,1,0.7711
11196,815,85.52,2.23,1,1,1,1,0.8391
3389,803,48.87,2.74,0,1,0,1,0.6034
11252,4898,95.19,11.85,0,1,1,1,0.5626
8433,3592,53.1,3.94,1,1,1,1,0.6811
16660,3896,25.09,3.86,1,1,1,1,0.5677
5473,975,82.45,7.62,1,0,1,0,0.6417
3558,1762,48.82,2.2,1,1,1,1,0.7301
9785,4449,40.13,2.88,0,1,1,0,0.5255
17042,4677,88.48,8.8,1,1,1,1,0.8214
4007,3624,38.28,2.08,0,1,1,1,0.4918
17876,574,40.3,0.35,1,0,1,0,0.5101
9379,1714,43.95,0.85,1,0,1,1,0.5909
8965,1905,91.16,4.7,1,1,1,1,0.8766
3708,4529,60.65,7.41,0,1,1,0,0.4843
9875,1795,96.66,1.47,0,0,1,1,0.8126
3837,907,47.22,3.47,1,1,1,1,0.7666
3423,3647,93.78,5.37,1,0,1,1,0.8332
6738,3598,65.33,4.47,0,1,0,1,0.6631
13812,2710,63.57,8.12,1,1,1,1,0.699
14890,3830,64.97,3.83,1,0,1,0,0.6533
18601,3720,93.79,2.62,0,1,1,1,0.9348
16534,3311,65.91,1.9,0,1,1,0,0.5523
16450,2351,97.04,0.46,1,1,1,1,0.9796
6190,4178,47.04,2.32,1,1,1,1,0.7157
1973,4770,92.07,2.44,1,1,1,1,0.8394
12939,2342,75.89,8.28,0,1,1,1,0.653
8253,545,46.99,3.33,1,1,1,1,0.7047
15635,4097,57.0,3.48,0,0,1,1,0.5516
2561,1273,67.51,1.25,1,1,1,1,0.8327
11494,4721,100.0,2.38,1,1,1,1,1.0
5429,4978,54.76,2.62,1,0,1,0,0.6317
1886,892,72.68,2.73,1,1,1,1,0.8391
12370,2837,64.01,1.05,1,1,1,1,0.7397
7571,892,96.48,4.39,1,0,1,1,0.8547
7792,1863,63.11,3.37,1,1,1,1,0.8021
6965,3772,67.19,2.52,1,1,1,1,0.7879
3755,2021,49.97,3.56,0,1,1,1,0.5759
2251,1602,100.0,8.01,0,1,1,1,0.7955
10387,3587,86.77,1.42,1,0,1,1,0.8195
3098,673,63.69,6.8,1,1,1,1,0.6497
6190,3213,72.12,1.94,1,0,1,1,0.7954
3976,3571,66.17,0.93,0,0,1,1,0.6832
13575,4553,54.08,3.85,0,1,1,1,0.5377
19756,1091,89.28,0.86,1,0,1,1,0.8431
19715,579,41.37,4.4,1,1,1,1,0.638
12001,2857,81.2,7.21,0,0,1,1,0.734
5090,869,78.27,0.46,1,1,1,1,0.9607
16262,3991,91.33,1.92,1,1,1,1,0.9063
19268,2816,49.99,1.58,0,1,1,1,0.6119
14139,875,100.0,7.82,1,0,1,1,0.754
11057,3637,82.6,8.91,0,1,1,1,0.6649
7342,4630,70.99,0.75,0,1,1,1,0.6967
18296,4742,43.35,4.85,1,1,0,1,0.627
18349,1419,83.23,2.13,1,1,1,1,0.969
13186,3182,66.16,4.65,0,0,1,1,0.6116
7942,3691,100.0,2.67,0,1,0,1,0.8237
11750,860,81.76,0.64,0,1,1,1,0.7924
15035,3353,49.75,4.21,1,0,0,1,0.5454
4075,2156,66.51,8.22,1,1,1,1,0.6923
11072,4335,100.0,4.08,1,0,1,1,0.8214
4042,1314,53.21,2.47,1,1,1,1,0.7871
17053,4289,85.44,3.42,0,1,1,1,0.7789
19376,3425,68.33,4.68,0,0,1,1,0.505
19109,1193,63.71,0.31,1,1,1,1,0.8188
7998,2156,74.76,1.6,1,0,1,1,0.7863
4255,1717,73.71,4.22,1,0,1,1,0.8021
2507,1503,87.37,11.2,0,1,1,1,0.7031
3586,1643,81.41,2.59,0,0,0,1,0.7661
9660,4483,55.34,1.76,1,1,1,1,0.8016
11110,578,66.06,3.27,1,0,1,0,0.5238
15258,2050,61.7,8.91,1,1,1,1,0.7237
8970,2594,43.7,3.18,1,1,0,1,0.6665
12055,2376,73.54,4.32,0,0,1,0,0.5105
1452,3303,46.45,5.18,0,1,1,1,0.5441
15407,2357,70.44,11.11,1,0,1,0,0.4716
13656,1774,100.0,0.86,0,1,1,1,0.9924
11683,2975,56.05,7.22,0,1,1,1,0.5207
7408,1725,52.18,5.35,1,1,1,0,0.5704
6644,3386,100.0,3.67,0,1,1,0,0.8027
19394,4381,59.99,5.57,0,1,0,1,0.6546
15837,847,100.0,2.64,1,1,1,1,0.9246
11885,1522,73.45,2.88,1,1,0,1,0.9042
10951,2174,65.95,3.8,0,1,1,0,0.5771
15219,2117,81.7,3.6,1,0,1,0,0.685
3613,4392,60.12,0.78,1,1,1,1,0.8181
9302,1292,58.82,2.19,1,0,1,0,0.5449
6283,4611,85.82,3.28,1,1,1,0,0.7578
18509,1385,95.51,1.65,1,1,1,1,0.9344
4465,940,43.97,1.05,0,1,1,0,0.5595
17482,1025,49.66,4.5,0,0,1,0,0.4993
10428,4600,97.71,3.3,1,1,1,1,1.0
14861,2591,47.06,0.77,0,1,1,0,0.6473
17040,4770,82.21,3.56,0,0,1,1,0.7397
13194,3478,49.85,0.63,1,1,1,0,0.7101
10955,2670,74.58,1.88,1,1,1,1,0.7458
2935,1133,58.42,5.09,0,1,1,1,0.6526
4022,3084,82.71,2.49,0,0,1,1,0.7287
18316,4737,45.8,11.15,0,0,0,1,0.393
6629,801,63.54,4.08,1,0,0,1,0.62
1434,2538,55.04,3.8,0,0,1,0,0.521
16182,2803,65.01,9.65,1,0,0,1,0.6105
16055,2731,77.11,5.7,1,1,1,1,0.7526
11248,4831,62.52,4.76,1,1,0,0,0.6269
6309,511,73.86,5.47,1,1,1,1,0.7932
8188,2524,72.62,1.57,0,1,1,1,0.756
6054,1416,86.81,2.38,1,1,1,1,0.93
10638,1879,50.62,3.4,0,1,1,1,0.6218
11668,2588,65.13,5.81,1,1,1,1,0.75
7437,1109,84.47,2.71,1,1,1,1,0.8803
16233,3623,69.68,0.38,1,1,1,1,0.8726
10634,2476,62.37,3.32,0,1,0,1,0.6019
4681,4638,46.52,6.15,1,1,1,0,0.5539
2636,591,85.62,3.39,0,0,1,1,0.778
16630,1786,74.61,6.61,0,1,1,1,0.6961
17484,3587,41.68,0.9,1,1,1,1,0.7658
4783,4012,73.37,4.61,1,1,1,1,0.7971
16155,4829,88.95,1.47,1,1,1,1,1.0
7261,508,51.12,1.3,1,0,1,1,0.586
18234,1607,82.04,3.57,0,1,1,1,0.7557
9967,1952,53.03,1.94,0,1,1,1,0.7069
9948,1323,69.52,4.83,0,0,1,0,0.6247
6281,1444,94.97,4.08,1,0,1,0,0.7114
16629,3340,85.57,1.19,1,1,1,1,0.8737
6758,4884,26.76,0.87,1,1,1,0,0.6219
14207,4222,69.48,1.13,1,0,1,0,0.6711
10364,3308,77.73,6.21,1,0,1,0,0.5778
7012,2120,68.0,3.45,1,0,1,1,0.648
8903,2284,91.28,9.22,1,0,1,1,0.7251
6651,3871,87.04,3.35,1,0,1,0,0.6783
4902,1852,95.77,6.78,0,1,1,1,0.7393
13693,3496,64.87,2.19,1,1,1,1,0.83
13770,1746,100.0,1.43,1,0,1,0,0.8534
8704,558,98.15,3.97,1,1,1,0,0.8769
19034,1745,61.5,7.38,1,1,1,0,0.6385
4332,1203,58.45,2.59,1,1,1,1,0.7782
13763,4082,54.89,3.77,0,1,1,1,0.7233
19953,3128,60.54,0.48,0,1,1,0,0.7056
16831,671,37.27,5.55,1,0,1,1,0.6201
9437,3403,48.63,4.31,0,0,1,1,0.6203
6605,3576,78.28,4.59,0,0,1,1,0.6302
2304,4593,69.76,1.39,0,1,1,1,0.7834
10321,2774,60.69,1.06,1,0,1,0,0.6248
5511,3104,100.0,7.26,0,1,1,0,0.6388
4992,830,84.14,2.58,1,1,1,1,0.8194
14898,2097,47.44,2.37,0,1,1,1,0.5789
5087,1261,64.07,3.51,1,1,1,1,0.7744
4644,2797,50.36,1.86,0,1,1,1,0.7121
18891,4354,76.92,6.6,1,1,1,0,0.6664
10034,834,66.05,2.59,0,1,1,1,0.7208
11252,4746,68.3,3.24,1,0,1,1,0.7878
11386,2098,53.89,2.94,0,1,1,0,0.5257
2064,1388,62.87,3.05,0,0,1,1,0.6193
10711,2418,46.8,12.77,0,1,1,1,0.4721
7500,3074,50.62,3.65,0,1,1,0,0.4198
13045,2951,70.58,2.63,0,0,1,1,0.5655
8925,3607,72.56,9.18,1,1,1,1,0.6843
14453,1313,73.71,0.81,1,0,0,1,0.8078
13770,3216,68.46,3.77,1,1,1,0,0.7558
7283,2476,78.53,2.32,1,1,1,1,0.9287
1020,3422,44.15,5.77,1,1,1,1,0.659
7402,505,50.88,0.31,1,1,1,0,0.6618
12341,1578,64.33,2.48,1,1,0,1,0.8711
17555,4642,93.84,2.61,1,0,1,1,0.8293
12202,3411,46.93,0.27,0,0,1,1,0.6247
14888,843,57.51,1.2,1,1,1,1,0.7588
2438,3516,50.59,6.66,0,0,1,1,0.6118
16414,2993,61.97,2.25,0,0,1,1,0.6892
5507,2496,69.62,4.98,0,1,1,0,0.6176
5507,1027,59.72,5.99,0,1,1,1,0.5737
19774,2703,66.69,0.67,1,0,1,1,0.696
5544,1242,74.27,7.6,1,1,1,1,0.7323
1511,752,62.06,3.69,0,1,1,1,0.6729
3807,3386,73.14,6.22,1,1,0,1,0.6343
8203,1600,81.38,1.86,1,0,1,1,0.806
15306,4529,83.04,4.24,0,0,1,0,0.542
3612,3637,80.98,9.84,0,1,1,1,0.6572
10280,2881,74.44,0.89,0,0,1,0,0.6189
15046,1368,73.54,5.23,1,1,1,1,0.7739
19023,1892,40.74,4.58,1,1,1,0,0.5318
11907,2381,73.7,1.45,1,1,1,1,0.8253
19443,1598,79.21,2.99,0,0,1,1,0.7813
17827,4674,78.44,2.95,0,0,1,1,0.711
5133,1684,37.85,4.41,0,1,0,1,0.5116
19061,4641,56.8,4.33,0,1,1,0,0.5716
15393,3112,43.27,1.26,1,1,1,1,0.8225
15466,4976,53.14,1.15,1,1,1,1,0.7736
11568,1820,51.1,2.72,0,0,1,1,0.5858
4851,3912,83.32,6.19,1,1,0,1,0.7417
8418,2871,53.51,0.32,1,0,1,1,0.7252
16791,3975,89.19,2.5,1,1,1,1,0.8676
7903,2358,93.3,2.44,0,1,1,1,0.7776
5830,4564,57.21,2.88,0,1,0,0,0.5441
6942,2045,79.13,2.47,0,1,1,1,0.7973
6702,655,46.15,6.33,0,1,1,0,0.425
8393,4903,79.1,0.72,1,1,1,1,0.8727
14180,660,52.0,3.07,1,1,1,1,0.6732
5281,3745,69.66,5.33,1,0,1,1,0.6481
3882,1498,62.56,4.99,1,1,1,1,0.76
11033,1221,61.17,4.14,1,1,1,0,0.6956
19179,2143,63.53,15.4,1,0,1,1,0.4946
4712,4455,76.58,5.15,1,1,1,1,0.7948
5622,4632,74.88,4.09,1,1,1,1,0.8714
13329,1270,64.16,1.03,1,1,1,1,0.837
18659,1936,74.89,5.02,0,0,1,1,0.7265
4123,1153,93.82,2.61,0,0,1,1,0.8897
15225,2333,63.56,2.37,0,1,1,1,0.7715
6316,1298,59.33,3.09,0,0,1,0,0.5058
2239,3891,53.03,0.66,0,1,0,1,0.744
13937,4554,100.0,2.65,1,0,0,0,0.689
4773,880,78.74,5.86,1,0,1,1,0.7337
5681,972,64.49,6.86,0,1,1,1,0.5309
6385,1756,85.44,2.33,1,1,1,1,0.9482
16154,4852,75.38,1.08,1,1,0,1,0.8321
19440,2631,87.1,2.02,1,0,1,1,0.8243
12795,1482,53.4,2.32,1,0,1,1,0.5921
12593,2122,77.67,1.37,1,1,1,1,0.8898
9758,1973,55.75,1.27,0,1,1,1,0.7376
6054,2216,82.22,1.72,0,1,1,1,0.6729
15801,1639,44.04,8.17,0,1,1,1,0.5502
14568,1691,71.74,1.35,1,0,1,1,0.8172
15614,2272,77.84,4.31,1,1,1,1,0.8597
3410,1347,64.35,2.36,1,1,1,1,0.8134
3365,3847,86.94,6.84,1,1,1,0,0.7549
7472,3204,93.96,6.14,1,1,0,1,0.7789
14404,4855,50.73,6.2,1,1,1,1,0.7809
17638,2207,60.28,1.95,1,0,1,1,0.7435
14859,611,82.14,5.04,0,1,1,0,0.6649
17925,3165,81.85,4.42,1,0,0,1,0.6646
5670,4582,36.14,5.17,1,1,1,1,0.5926
16429,875,92.16,4.56,1,1,1,1,0.9084
15877,647,87.61,0.79,0,0,1,1,0.6678
16696,4292,77.25,1.85,1,0,1,1,0.8071
2825,4424,81.09,1.75,1,0,1,1,0.7299
2499,3288,54.09,10.18,1,1,1,1,0.5255
9495,1585,78.96,5.26,0,0,1,1,0.6464
18321,939,75.6,6.92,1,1,1,1,0.8177
5185,1888,58.29,3.24,0,0,1,1,0.5721
9294,3246,77.38,0.58,1,0,0,1,0.8312
19820,807,75.6,1.44,0,0,1,1,0.8005
18620,2123,25.14,8.13,1,0,1,1,0.5032
5971,697,62.15,5.01,0,1,1,1,0.7026
17854,3516,62.37,5.63,0,1,0,0,0.5261
10966,2005,100.0,8.69,1,1,1,1,0.8327
11120,4339,78.18,2.76,0,1,1,1,0.7713
12789,3055,32.15,3.15,0,1,0,1,0.5176
7298,1503,83.75,5.78,0,1,1,1,0.7347
4408,1270,64.06,2.34,0,1,1,1,0.7311
7966,1441,64.64,8.05,1,1,1,1,0.709
17139,709,73.97,6.23,1,0,1,1,0.7534
2868,681,94.96,10.74,0,0,1,1,0.692
5244,2664,89.08,12.67,0,0,1,1,0.5442
18097,4045,60.95,1.35,1,1,1,1,0.8835
6106,4936,81.92,4.21,0,1,1,1,0.7359
12284,3462,83.99,3.95,1,1,1,1,0.7448
7723,684,58.51,2.54,0,1,1,0,0.5979
9585,2117,91.42,1.86,0,1,1,1,0.8766
19151,2056,58.26,5.22,1,1,1,1,0.7371
2293,560,67.45,0.72,1,0,1,0,0.7597
6438,4131,62.38,4.5,0,1,1,1,0.6639
16796,3373,94.13,7.8,1,1,0,1,0.7853
3581,4287,68.58,7.5,1,1,1,1,0.7199
15960,2554,76.42,4.05,1,1,1,1,0.8131
19944,3537,59.03,2.79,0,1,1,1,0.6493
11960,3916,65.19,5.61,0,0,1,1,0.528
7076,1815,92.47,5.4,1,1,1,1,0.9256
16064,1986,100.0,2.52,0,0,1,1,0.831
12719,2121,76.6,2.56,0,0,1,1,0.7413
10763,2023,72.95,0.62,1,0,0,0,0.663
8796,1078,13.84,2.94,0,1,1,1,0.4875
2946,691,69.64,5.76,0,1,1,0,0.6425
18942,2621,79.09,3.17,1,0,1,1,0.8152
5270,4265,45.43,3.03,0,1,1,0,0.5315
11872,4619,46.9,1.0,1,1,1,1,0.7872
8349,1042,78.12,5.12,0,1,1,1,0.6916
19939,1650,69.9,1.63,1,1,1,1,0.7714
8160,4045,74.91,3.73,1,1,1,1,0.7974
17183,1060,77.22,5.68,1,0,1,0,0.699
19279,3000,34.03,0.72,1,1,1,1,0.6989
8931,3302,100.0,5.59,0,1,1,1,0.7481
11223,1822,62.57,4.65,1,1,1,1,0.7758
2983,814,36.97,11.74,1,1,1,0,0.3757
4800,2978,56.35,1.29,1,1,1,0,0.6054
14068,2756,48.64,4.35,1,0,1,1,0.6239
2643,1712,99.08,4.14,0,1,1,1,0.9037
10818,4216,81.19,7.32,1,1,1,1,0.7547
14149,1285,100.0,4.8,1,0,1,1,0.9509
6350,1033,67.59,3.26,0,1,1,1,0.6208
15135,1223,86.33,2.07,1,0,1,1,0.861
16982,3551,50.57,7.14,1,1,1,0,0.4525
19866,1803,65.81,0.86,0,1,1,0,0.6103
11934,4521,60.72,4.5,1,1,1,1,0.7221
7473,2193,75.12,1.2,1,0,0,0,0.7254
6919,4945,67.92,8.06,1,0,1,1,0.6256
19302,1200,92.16,10.71,0,1,1,1,0.7251
18805,785,83.26,2.87,0,1,1,0,0.692
10106,787,35.62,6.83,1,1,1,1,0.5819
18587,3830,75.31,3.87,1,1,1,1,0.7801
12772,1517,34.25,3.24,1,1,1,1,0.5445
19473,2556,94.99,12.83,1,1,1,0,0.5691
18927,4079,75.08,5.48,0,0,1,1,0.6166
3046,3644,50.16,14.65,0,1,1,1,0.3766
4819,3864,84.04,1.51,1,1,1,1,0.8473
6015,965,34.8,5.11,0,0,0,1,0.4331
12409,3282,98.67,3.85,1,1,1,1,0.9671
1944,528,60.85,1.87,0,1,0,1,0.6712
13811,2070,90.02,1.7,0,1,1,1,0.8465
14891,4361,40.59,1.26,1,1,1,1,0.7304
17632,3068,85.31,8.79,1,1,1,1,0.8013
15409,4849,53.61,4.81,0,0,1,1,0.538
1414,2768,72.47,2.8,0,1,0,1,0.7339
15210,2152,81.32,4.66,0,0,1,1,0.7144
15305,1845,38.72,2.87,1,1,1,1,0.5986
17016,3425,68.95,2.52,0,1,0,0,0.5992
5787,2872,89.76,4.67,1,0,1,0,0.6489
10012,1747,100.0,4.09,1,0,1,1,0.9465
2210,1526,61.22,1.17,1,0,1,1,0.8523
19070,756,65.85,3.25,0,0,1,1,0.668
9032,3520,100.0,2.79,1,0,1,0,0.8164
7359,4697,78.68,3.16,1,0,1,1,0.7417
16554,2839,45.67,2.2,1,0,1,1,0.6806
1958,1453,60.84,1.29,1,1,1,1,0.7742
13442,2214,99.67,0.1,1,1,1,1,1.0
16389,3668,38.94,5.11,0,1,1,1,0.5957
2501,1358,88.9,4.52,1,1,1,1,0.9358
12796,2578,56.74,7.68,0,0,1,1,0.57
5307,4996,41.61,3.95,1,1,1,0,0.5461
8454,3889,57.37,5.29,0,1,1,0,0.5794
7833,3124,99.09,10.93,1,1,1,1,0.7773
4131,4230,93.93,5.46,1,1,1,0,0.766
14869,1158,83.82,0.47,1,1,0,1,0.9659
18351,1904,40.19,4.15,1,0,1,1,0.6265
6153,2159,43.99,4.21,0,0,1,1,0.5593
17206,4195,100.0,4.79,1,1,1,1,0.8504
19608,3420,63.64,3.74,0,1,1,1,0.7159
10409,1964,64.76,2.5,1,1,1,1,0.7556
13321,4573,63.23,6.36,1,0,1,1,0.639
11382,2728,62.19,2.67,0,1,1,1,0.7528
13691,2739,96.36,4.08,1,1,1,1,0.9277
13873,3432,63.46,1.29,0,1,1,1,0.6372
11239,3604,100.0,1.08,0,1,1,1,0.8709
14337,987,71.98,2.16,0,1,1,1,0.706
7376,3021,57.6,5.64,0,1,1,1,0.5801
2264,1355,88.4,1.23,0,0,1,1,0.8371
15733,3152,58.97,4.93,0,1,1,1,0.7091
18596,1323,54.6,5.45,0,1,1,1,0.5757
4900,4253,96.38,1.89,1,1,1,1,0.9334
9086,4182,81.24,4.06,0,0,1,1,0.7618
13417,2450,31.7,6.63,1,0,1,1,0.569
18541,2746,71.53,3.81,1,0,1,1,0.7164
6413,4069,34.65,13.09,1,1,1,1,0.3339
2586,1325,97.6,3.88,1,0,1,1,0.9111
1508,881,79.51,1.65,1,1,1,1,0.799
6704,2276,59.61,2.85,0,1,1,1,0.618
17197,1588,36.97,0.29,0,1,1,1,0.6363
16342,3418,40.19,3.94,1,0,1,1,0.5683
13449,3239,74.21,5.79,0,1,0,1,0.7203
8392,1079,38.8,4.6,1,1,1,1,0.6167
4415,4068,42.14,1.76,1,1,0,1,0.6115
6380,1646,100.0,1.42,0,1,1,1,0.9441
12061,4098,66.11,2.69,0,1,1,1,0.6783
15520,3511,80.48,3.58,1,1,1,0,0.6922
14698,3479,59.76,2.25,1,1,1,1,0.7211
15732,1291,100.0,4.52,1,1,1,0,0.8435
4446,1091,75.01,5.39,1,1,1,1,0.69
2987,2485,62.21,3.26,1,1,1,0,0.6573
10352,2794,52.05,9.68,0,1,1,1,0.4883
11025,1814,39.25,4.58,1,1,1,1,0.5817
13072,3743,53.61,0.5,0,1,1,1,0.7947
7092,3406,77.09,6.25,1,0,1,1,0.6699
9036,1039,52.63,4.14,0,1,1,1,0.6619
5609,3442,92.51,3.81,1,0,1,1,0.8588
17447,4445,28.79,3.3,1,1,1,1,0.572
1449,2325,45.53,0.57,1,1,1,1,0.8132
6131,1858,54.38,5.67,1,1,1,1,0.606
12301,1823,78.74,2.98,1,1,1,0,0.7491
17708,1485,100.0,0.4,1,0,1,1,0.9299
7409,2176,62.96,2.35,1,0,1,1,0.669
19220,2638,62.86,0.45,0,1,1,1,0.74
8101,1259,92.93,4.65,1,1,0,1,0.9749
5113,4222,67.54,2.23,1,1,1,1,0.7539
6848,2127,21.0,0.74,0,1,1,0,0.3745
2607,2339,51.16,3.86,0,0,1,1,0.6709
1771,4172,56.47,8.19,1,1,1,1,0.6176
19426,1205,100.0,5.25,1,1,1,1,0.8725
2942,4305,61.86,1.27,1,1,0,1,0.7842
6577,2723,73.66,7.15,1,0,1,0,0.5795
13798,541,85.58,2.62,0,0,1,0,0.7027
10586,756,85.5,4.24,0,1,1,1,0.7868
6781,4444,57.21,9.78,0,1,1,1,0.6008
7507,2154,40.73,2.45,1,1,1,0,0.5866
16702,3247,84.98,1.84,1,1,1,0,0.8482
13769,2037,54.65,1.73,1,1,1,1,0.6828
1293,3188,76.73,3.01,0,0,1,1,0.6346
9641,2838,100.0,1.62,1,0,1,0,0.798
11362,3421,76.51,7.05,1,1,0,1,0.796
4795,1027,95.03,12.6,1,1,1,1,0.6775
16419,3823,42.75,1.08,1,1,1,1,0.7547
14155,3563,37.94,1.04,0,1,1,1,0.5384
8354,3029,65.94,3.04,1,1,1,1,0.8101
6305,3727,94.94,3.04,1,1,1,1,0.9655
9836,4133,75.76,6.36,0,1,1,1,0.6507
6818,2194,68.0,3.92,0,1,1,1,0.5249
17126,962,68.37,2.42,1,0,1,0,0.7258
3938,2983,58.78,2.73,1,0,1,1,0.684
1087,1740,80.22,4.01,1,0,1,1,0.7759
2217,2974,62.38,2.83,1,0,1,1,0.7822
17223,606,88.03,2.83,0,0,1,1,0.7402
9576,3971,96.78,3.28,1,0,1,1,0.8681
1413,2495,92.81,4.14,1,1,1,1,0.8189
16376,3771,97.94,4.26,1,0,1,1,0.813
10174,3660,55.42,3.88,0,0,1,1,0.5745
15604,1511,91.83,4.16,0,1,1,1,0.7698
4749,4125,34.7,4.65,1,1,1,1,0.6005
18923,736,100.0,1.0,0,0,1,0,0.8891
8216,4020,85.91,4.46,1,1,1,1,0.8527
2567,1594,77.97,1.77,1,0,1,1,0.8498
15503,3542,62.03,14.78,1,1,1,1,0.5165
8994,4031,70.01,3.06,1,1,1,0,0.69
11041,1737,48.75,2.71,1,1,1,0,0.5878
11905,1744,68.96,2.21,1,1,1,0,0.7568
12967,2082,100.0,3.79,1,1,1,1,0.9266
8770,1449,67.96,3.5,0,1,1,0,0.5567
15753,642,73.65,1.19,0,0,1,1,0.7672
3369,1305,64.3,5.67,1,0,1,1,0.6568
7372,2126,67.03,4.69,1,0,1,1,0.727
14598,3366,63.21,2.42,1,1,1,1,0.7959
5711,659,41.15,3.6,1,1,1,0,0.4798
7733,4082,89.81,2.8,1,1,1,1,0.8559
1390,1570,77.51,1.56,0,0,1,0,0.6276
11249,2811,68.78,2.9,1,1,1,1,0.8067
1757,2634,70.37,5.95,0,1,0,1,0.6104
2821,1685,58.56,5.91,0,1,1,1,0.6064
14138,669,52.37,2.05,1,1,1,0,0.5945
14408,2188,100.0,8.57,0,1,1,0,0.7046
5373,4098,100.0,2.28,1,0,1,1,0.9513
7641,1099,72.36,2.79,1,0,1,1,0.7046
18879,2244,94.42,10.14,0,1,1,1,0.6824
3972,4448,43.21,3.42,0,1,1,1,0.5769
10906,2302,78.27,3.48,1,1,1,1,0.8827
6462,3958,56.08,1.21,1,1,1,1,0.8032
18557,838,66.92,3.57,0,0,1,1,0.5942
12683,3995,70.94,2.66,1,1,1,1,0.7329
15663,2133,49.23,7.11,0,1,1,1,0.5661
15760,3134,100.0,15.06,1,1,1,0,0.6291
17279,3644,55.38,7.04,1,1,1,1,0.6072
8312,2869,100.0,0.41,0,1,1,0,0.7978
11789,4838,71.32,1.16,0,1,1,1,0.7343
17998,3578,27.06,1.92,1,0,1,1,0.619
12811,1694,59.73,4.05,1,0,1,0,0.5994
17661,3058,47.6,4.82,1,1,0,0,0.6034
14162,4316,64.3,6.47,0,0,1,1,0.623
15010,2230,14.65,7.12,0,1,1,1,0.4497
10454,1862,47.72,4.06,1,1,1,1,0.6675
12459,1585,79.62,7.93,1,0,1,0,0.5957
2432,739,95.67,3.07,0,1,0,1,0.8192
17533,2944,31.24,2.28,0,0,1,1,0.4618
2320,4535,74.25,1.24,1,1,1,1,0.8278
2759,2980,43.56,1.35,1,1,1,1,0.7094
10013,4074,54.72,1.78,1,1,1,1,0.8195
15322,1745,100.0,2.81,0,0,1,0,0.7606
9182,2998,71.72,4.82,0,1,1,0,0.584
4310,3888,47.41,1.49,0,1,0,1,0.6168
18732,2303,62.24,3.22,1,1,1,1,0.7386
10982,1494,55.39,2.24,1,0,1,1,0.7739
18081,531,72.34,2.92,1,0,1,1,0.7368
6295,4572,47.68,6.65,1,1,0,1,0.5664
8458,2655,68.43,2.17,1,1,0,0,0.7559
9527,4338,79.03,4.68,1,1,1,1,0.8748
17533,3706,71.07,5.23,0,1,1,1,0.688
4815,1077,58.84,8.08,1,1,1,1,0.6088
15719,2033,35.31,2.58,1,1,1,0,0.6705
7170,4386,71.1,0.84,0,1,1,1,0.7021
16457,1084,82.1,2.66,0,1,1,0,0.671
8329,805,90.21,2.48,1,1,1,0,0.8217
8702,3414,58.69,4.2,0,1,1,0,0.473
4032,1926,89.86,0.38,1,1,0,1,0.8914
13295,1204,63.95,6.01,1,1,1,0,0.5904
9177,2260,42.44,1.47,1,1,1,1,0.7669
18499,2281,91.2,6.55,0,1,1,1,0.678
14183,1297,79.29,1.1,0,0,1,1,0.6944
2069,3575,37.11,11.78,0,1,1,1,0.4294
11559,709,98.55,2.27,1,1,1,1,1.0
7270,891,63.18,2.54,0,0,1,1,0.6487
19232,2384,58.74,5.46,1,1,1,0,0.6126
15656,1681,63.86,1.98,0,0,1,1,0.7041
13905,3554,100.0,1.89,1,1,1,1,0.8925
13363,689,43.63,7.0,1,1,1,1,0.6347
5714,641,62.07,1.73,1,1,1,1,0.7242
5511,3331,26.61,5.54,1,1,1,1,0.5805
11220,2154,80.17,3.65,1,1,1,1,0.782
15587,3383,56.0,3.91,0,1,1,0,0.5186
3816,1598,67.9,3.89,0,1,1,1,0.684
5786,1377,80.45,2.15,0,1,1,1,0.8172
13875,2621,46.76,0.5,1,1,1,1,0.8092
9645,3121,94.65,5.11,1,1,1,0,0.7853
3031,1749,69.02,4.19,1,1,1,1,0.7676
2268,872,79.55,1.48,0,0,1,1,0.7886
6868,631,64.13,2.92,1,0,1,0,0.5816
17439,4164,62.26,5.58,0,1,1,1,0.6848
17509,718,46.58,5.55,1,1,1,0,0.5406
8782,3160,68.34,7.04,1,1,1,0,0.6741
16730,3736,68.7,3.9,1,1,1,0,0.7304
11948,2412,27.52,1.85,1,0,1,1,0.5682
18528,568,45.02,0.54,1,1,1,1,0.766
13449,3247,43.5,12.26,0,0,1,1,0.334
4411,2189,39.62,11.34,1,1,1,1,0.5054
1972,1415,30.89,0.72,0,1,1,1,0.616
15351,2264,40.88,4.63,1,1,1,1,0.5734
18589,1156,62.22,0.9,0,1,1,0,0.5832
9655,1253,54.64,1.57,0,1,1,0,0.6407
16058,4103,65.46,3.23,1,1,1,0,0.6795
17543,3158,84.11,1.91,0,1,1,0,0.6659
19827,3077,85.45,3.76,0,1,1,1,0.6923
2780,2913,77.06,4.17,1,1,1,1,0.7306
6439,4807,71.9,10.08,1,1,1,1,0.681
13501,1105,68.06,2.87,1,1,1,0,0.6469
8313,3927,61.76,6.84,1,0,1,1,0.6371
15028,1772,57.77,10.81,1,1,1,1,0.5583
16437,933,100.0,3.38,0,1,1,1,0.8064
3196,3399,35.19,3.33,0,0,1,1,0.5135
14796,512,91.47,6.12,0,1,1,1,0.8304
14540,4346,65.41,11.83,1,0,1,1,0.6315
13578,2751,61.0,7.89,1,0,1,1,0.6326
19130,4809,100.0,0.82,0,1,1,1,0.9046
10239,1564,51.09,8.66,1,0,1,1,0.5988
3794,2360,43.62,4.7,1,1,1,1,0.6599
14207,660,91.55,1.22,0,1,0,1,0.8962
19309,1066,84.34,5.35,1,0,0,1,0.8617
17897,941,66.1,2.61,1,0,1,0,0.673
13726,3197,43.39,2.02,0,1,1,1,0.6264
8639,1991,63.44,2.22,1,0,1,1,0.7727
7773,4337,45.14,1.18,1,1,1,0,0.6277
19382,1516,77.93,2.35,1,0,1,1,0.7663
10067,1441,68.12,4.2,1,0,1,0,0.6138
8177,4279,30.14,1.66,1,1,1,1,0.6518
7061,4993,100.0,3.1,1,1,1,1,0.954
16105,3029,48.92,5.58,0,1,0,1,0.4952
17882,3868,99.51,1.19,0,1,1,1,0.9341
10292,2371,31.89,3.17,0,0,1,1,0.4584
3681,3306,91.32,2.79,1,1,1,1,0.8849
10862,2527,52.25,1.86,0,1,1,0,0.5821
16626,3952,42.24,4.14,0,1,0,0,0.4678
16793,858,41.8,2.24,1,1,1,1,0.7268
13953,1475,62.62,2.16,1,1,1,0,0.616
8483,1863,61.88,1.44,1,0,1,1,0.7021
19041,4928,68.26,0.69,1,1,1,1,0.9432
9452,4071,49.98,2.41,1,1,1,1,0.6698
1433,3452,98.31,1.3,1,1,1,1,0.9756
11392,4497,73.0,2.69,1,1,1,1,0.8613
15491,1573,56.08,0.99,1,1,1,1,0.8502
1185,2480,57.62,8.92,1,1,1,1,0.6705
8347,3233,48.67,3.08,0,1,1,1,0.6427
16763,2512,53.25,0.42,0,1,1,1,0.6528
6955,2470,49.7,3.12,1,1,1,0,0.5945
2746,1029,29.59,5.11,0,1,1,1,0.4011
12612,3423,62.24,1.03,0,0,1,0,0.5173
6831,541,81.76,0.97,1,1,1,1,0.9246
11870,834,98.35,2.96,1,0,1,1,0.939
7990,4712,72.22,2.56,1,1,1,1,0.764
4733,859,83.84,8.65,0,0,1,1,0.5548
9265,595,68.73,8.87,0,1,1,1,0.5841
12545,1139,39.92,0.29,0,1,0,0,0.5479
3102,1410,61.38,0.15,0,1,1,1,0.7485
11667,1655,84.16,2.37,1,1,1,1,0.9166
9912,1774,71.02,1.06,1,1,1,1,0.749
15007,2715,52.57,3.33,1,1,0,1,0.7151
8683,1287,78.18,2.35,0,1,1,1,0.8432
13964,3239,84.74,1.7,1,0,1,1,0.8531
1524,3071,43.81,4.74,1,1,1,1,0.6412
18138,4352,57.94,3.96,0,1,1,0,0.4842
16668,2272,49.53,8.52,1,1,1,1,0.5346
6719,1676,68.16,2.56,1,0,1,1,0.7604
9936,1121,48.27,3.61,1,1,1,0,0.6285
16807,2505,75.08,3.76,1,0,1,1,0.7038
13827,4682,86.32,7.39,0,0,1,1,0.6292
2440,1455,63.89,3.49,1,0,1,0,0.6625
6314,2956,64.43,3.74,1,1,1,0,0.633
14691,3790,69.49,4.31,1,1,1,1,0.7661
3401,3671,92.53,9.42,1,0,1,0,0.6519
18921,1773,83.31,3.95,1,0,1,1,0.792
5568,3464,88.5,7.84,1,1,1,1,0.6722
15392,2429,44.78,5.21,0,1,1,1,0.6085
4127,3511,78.28,3.26,1,0,1,0,0.7124
14083,995,83.41,1.23,1,1,1,1,0.931
9756,3519,60.8,3.09,1,0,1,0,0.5973
14255,2091,25.3,8.89,1,0,1,0,0.2894
2842,2791,49.98,5.18,1,1,1,1,0.6587
1954,1849,81.67,5.63,0,0,1,0,0.6084
6058,3647,43.88,6.47,1,0,1,0,0.5644
11871,675,70.24,2.55,0,1,1,0,0.5647
9776,3362,96.71,1.71,0,1,0,1,0.8495
19640,4854,56.96,0.95,1,1,1,1,0.7623
6988,3379,53.27,0.46,1,1,1,1,0.8114
11515,2774,94.46,7.87,0,1,1,1,0.7292
17547,4134,76.73,5.39,1,1,1,1,0.8875
8733,2626,56.85,2.72,0,1,1,1,0.7054
8407,2005,57.42,0.83,1,0,1,1,0.6717
17506,4014,66.13,4.46,1,1,1,0,0.6955
17874,1554,61.63,2.65,1,1,1,1,0.7902
4866,1245,73.1,4.2,0,0,1,1,0.6844
11790,1853,37.09,3.3,1,1,1,1,0.6411
3347,4208,40.3,3.62,1,0,1,0,0.4818
12649,4789,54.83,1.39,1,0,1,0,0.621
8983,4196,74.58,1.7,1,1,1,1,0.8575
1125,1729,79.71,12.27,1,0,0,0,0.3938
9826,1168,70.61,3.1,0,0,1,1,0.5666
5334,3192,55.94,0.73,1,0,0,1,0.6786
10873,1776,52.49,2.5,1,1,1,0,0.6148
18669,1034,95.01,4.15,1,1,1,1,0.8949
15902,718,69.85,3.25,0,0,1,1,0.666
12603,2988,80.67,2.51,0,1,1,1,0.7047
16029,2752,75.51,2.54,0,1,1,1,0.7202
3267,2767,74.48,4.58,0,0,1,1,0.619
14409,1165,47.86,3.39,1,1,1,0,0.6353
14343,3353,45.0,1.82,1,1,1,0,0.6253
2935,1916,100.0,4.55,1,0,1,1,0.8541
5836,2362,67.01,0.75,1,1,0,1,0.8275
14884,1628,41.33,3.3,0,1,1,1,0.6155
6493,4377,59.91,1.84,1,0,1,1,0.7648
16203,4474,80.69,0.72,0,1,1,1,0.7727
5966,4226,100.0,4.42,1,1,1,1,0.8768
5489,4991,94.99,2.32,1,1,1,1,0.9882
19629,2186,38.34,6.66,0,1,1,1,0.6118
1920,4104,85.18,3.59,0,1,1,1,0.7442
18297,3280,86.3,9.0,1,1,1,1,0.7315
18178,2222,100.0,3.59,1,0,1,0,0.7184
12252,2034,92.86,2.77,1,1,1,0,0.7902
16571,1456,100.0,5.32,0,1,1,0,0.7044
11978,3315,84.82,1.38,1,1,1,0,0.7384
19361,2913,89.06,4.27,0,1,1,1,0.7505
16455,1474,50.77,3.2,1,1,1,1,0.8135
13291,3042,100.0,0.51,0,0,1,1,0.8324
16915,2174,68.21,7.77,1,1,0,1,0.6099
11256,511,100.0,0.56,1,1,1,1,0.9688
9767,2672,100.0,4.24,1,1,1,1,0.9075
14805,4572,76.38,7.04,1,0,0,1,0.7957
8343,4647,82.73,3.35,1,1,1,1,0.8745
14017,3597,67.32,1.39,1,0,1,1,0.8239
16492,1085,92.42,5.3,0,0,1,1,0.6474
9785,1924,99.41,1.11,0,1,1,1,0.8375
6149,2984,60.2,6.79,1,0,1,0,0.5862
3412,2651,71.24,4.07,1,1,1,1,0.8144
2955,1086,80.57,2.18,0,1,1,1,0.8968
3226,3793,70.73,0.92,1,1,1,0,0.8274
3774,1325,100.0,1.1,0,0,1,1,0.93
5094,3430,59.93,1.99,0,1,1,1,0.6556
13436,4348,79.89,1.18,1,1,1,1,0.9156
12767,2027,28.51,5.96,1,1,0,1,0.5813
19302,1076,72.71,2.79,1,1,1,0,0.6311
7086,4708,90.02,3.1,1,1,1,1,0.8779
17340,3387,80.94,2.96,0,0,1,1,0.7046
18881,3231,39.84,10.15,0,0,1,1,0.5384
18882,3586,45.09,3.1,1,0,1,1,0.7173
14845,2791,52.65,6.76,0,0,1,1,0.5155
19062,4096,86.2,0.72,1,1,1,1,0.9978
11366,2297,58.66,0.11,1,0,0,1,0.7409
16416,3394,66.66,7.64,1,1,1,1,0.6621
15931,701,49.3,2.47,0,1,1,1,0.6824
13874,729,99.39,0.72,1,0,1,1,0.9026
7372,859,62.63,4.88,0,1,1,1,0.6103
8550,4129,86.29,0.44,0,1,1,0,0.7096
15329,2765,33.75,8.06,0,1,1,0,0.3176
14498,4874,37.78,1.48,1,1,1,1,0.6733
19506,2720,83.37,3.6,1,0,1,1,0.848
11001,2706,100.0,1.78,1,0,1,0,0.8113
9262,2303,66.77,3.4,1,1,1,0,0.7103
5898,745,75.52,7.44,1,1,1,1,0.6654
9951,1903,61.1,3.99,0,1,0,0,0.6535
9922,2525,93.82,0.87,1,1,0,1,0.9381
13965,4129,100.0,4.25,0,1,1,1,0.8443
8208,2778,60.49,1.62,0,1,1,1,0.6685
16565,2574,74.31,0.94,1,1,1,0,0.6902
19018,2438,49.11,6.74,0,0,1,1,0.5347
19982,1344,45.19,3.02,1,1,1,1,0.6249
4195,2627,59.06,1.38,1,1,1,1,0.7863
6301,2923,88.49,4.69,0,1,1,0,0.7562
13222,2535,96.02,3.49,0,1,1,1,0.8311
7714,684,94.32,2.49,0,1,1,1,0.8675
12482,3848,70.67,7.01,0,0,0,1,0.5159
1826,2165,83.11,4.14,1,1,1,1,0.8677
8546,522,39.11,7.28,0,1,1,0,0.3835
12646,2864,81.24,5.31,1,1,1,1,0.724
14146,3561,65.99,11.56,0,1,0,0,0.4947
15560,2141,80.13,2.34,0,1,1,1,0.9058
8363,4710,59.64,0.52,0,1,1,1,0.8506
1683,1632,90.77,6.46,1,1,1,1,0.8476
1854,2526,65.49,7.56,1,1,1,0,0.6619
17150,4000,55.79,1.3,1,1,0,1,0.8508
1749,1208,98.01,3.68,1,0,1,1,0.933
13321,3554,87.29,4.71,0,1,1,1,0.7641
9173,801,47.33,4.29,1,1,1,0,0.5325
9348,4058,67.75,2.8,1,1,1,1,0.7872
11683,4239,49.55,2.21,1,1,1,1,0.8381
13626,1028,75.43,5.74,1,0,1,1,0.8864
13167,2851,61.42,3.54,1,1,0,1,0.7608
16716,3618,85.35,4.96,1,1,1,1,0.8712
8504,4310,62.17,0.51,1,1,1,0,0.6717
9005,4186,96.31,6.32,0,1,1,1,0.7633
10746,986,83.65,4.14,1,1,1,0,0.6699
8398,4510,62.71,5.02,1,1,1,1,0.8075
16099,952,78.84,4.39,0,1,1,1,0.7896
1711,4002,77.23,2.8,0,1,1,0,0.5763
3906,4051,11.16,1.83,1,1,1,0,0.5091
18545,1759,88.77,1.95,0,0,1,1,0.7551
14527,2526,100.0,1.52,1,1,1,0,0.8992
15542,2369,96.85,2.79,0,1,1,1,0.8187
7032,2325,61.4,2.23,1,1,1,1,0.832
8739,523,79.94,5.05,1,0,1,1,0.6937
12116,1070,26.55,3.14,1,0,1,0,0.5154
2297,857,79.44,5.08,0,1,1,0,0.6095
13443,4947,77.68,0.41,1,0,1,1,0.835
3019,3349,89.53,3.77,1,1,1,1,0.894
4657,1923,96.36,1.78,0,1,1,0,0.7311
15332,680,63.68,5.06,1,1,1,1,0.7895
8854,4132,75.83,15.69,0,1,0,1,0.5323
11487,3167,72.81,1.35,1,1,1,1,0.8725
6516,3805,62.18,3.89,1,1,0,1,0.8137
17060,2035,100.0,5.27,1,1,1,1,0.9172
18540,1488,32.45,4.42,0,1,1,1,0.586
15147,576,94.59,0.6,1,1,1,1,0.9332
4868,3637,61.6,1.81,1,1,0,0,0.6584
14481,3422,55.95,5.9,0,0,1,0,0.3518
12074,811,54.01,5.57,0,1,1,1,0.6371
13367,3762,32.23,2.0,0,1,1,0,0.4672
3748,3161,72.1,4.79,1,1,1,0,0.6284
9210,3858,62.66,1.45,0,0,1,1,0.598
1589,4794,67.53,1.79,1,1,1,0,0.622
17710,3726,88.71,4.83,1,1,1,1,0.8489
8826,1509,62.58,0.22,1,0,0,1,0.7089
18329,1995,57.65,1.31,1,0,0,1,0.6608
10329,4453,59.68,2.31,1,1,1,1,0.7655
4328,640,90.63,1.4,1,0,0,1,0.8434
10533,2189,54.12,1.55,0,1,1,1,0.724
2119,4702,74.25,2.1,0,0,1,1,0.7259
15153,2897,31.43,4.37,1,1,0,1,0.6021
7335,2330,45.55,10.19,0,1,1,1,0.4738
14403,2725,78.85,0.52,1,1,1,1,0.8291
5655,2574,55.75,6.55,0,0,1,1,0.5821
18773,4014,76.48,3.33,1,0,1,0,0.5949
7495,2752,78.19,2.42,1,1,1,0,0.6404
8445,4723,85.97,2.61,1,1,1,1,0.958
18425,1894,100.0,1.68,1,0,1,1,0.9386
18718,633,65.43,12.17,1,0,1,1,0.5156
7590,2520,53.01,1.64,1,1,1,1,0.7237
10028,3057,51.39,0.37,1,1,1,1,0.6851
17383,1913,24.72,1.46,1,1,1,1,0.5945
9412,727,46.47,5.24,0,0,1,1,0.4995
5284,1417,92.23,1.54,0,1,1,1,0.8341
5371,4959,100.0,3.01,1,1,1,1,0.9534
4201,1883,68.96,6.73,1,1,1,1,0.7668
5696,3919,100.0,0.9,0,1,1,0,0.7518
16223,3760,27.33,7.98,0,1,1,1,0.3661
2573,885,77.56,2.85,1,0,0,1,0.8562
11519,4619,40.26,11.04,0,0,1,0,0.2974
14283,2442,54.66,3.72,0,1,1,1,0.5812
15780,4257,49.21,2.56,1,0,1,1,0.6543
14805,3714,68.97,2.92,1,1,1,0,0.6957
19241,3265,53.58,4.61,1,1,1,1,0.6775
1997,2819,33.07,4.35,1,1,1,1,0.6759
14165,2732,100.0,6.46,1,0,1,0,0.6848
16091,2213,66.64,0.96,0,1,1,0,0.5466
6203,3861,89.77,5.35,1,1,1,1,0.7984
3288,4935,85.57,4.17,1,1,1,1,0.7398
17592,932,72.94,7.22,0,1,1,1,0.6164
10895,2726,44.29,10.83,1,1,1,1,0.5454
10730,2410,82.7,4.12,0,1,1,0,0.6144
17535,2769,67.67,0.77,1,1,1,1,0.8588
2493,1635,87.09,1.9,0,1,1,0,0.6893
9216,517,92.18,1.85,1,1,1,1,0.9664
1834,3812,62.33,3.32,1,0,1,1,0.6856
18349,2237,84.45,6.22,1,1,1,1,0.7529
9796,1468,56.6,12.3,0,0,1,1,0.4379
1461,4384,34.19,1.41,1,0,0,1,0.5869
13998,588,94.17,4.01,1,0,1,0,0.7426
7503,2314,87.34,2.69,1,1,1,1,0.9039
18279,1676,97.07,3.84,1,1,1,1,0.9063
12522,2622,40.1,1.72,1,1,1,1,0.6325
14223,2944,50.34,1.35,0,0,1,0,0.5475
6022,2779,93.37,2.58,1,1,1,1,0.9301
3516,2464,82.68,4.5,0,1,1,1,0.7818
11479,3631,41.88,4.53,1,0,1,1,0.5786
2580,1908,55.23,2.96,1,1,1,1,0.8067
14211,1340,76.18,2.02,1,0,1,1,0.7836
19422,4740,35.71,1.01,0,1,1,1,0.622
8015,3961,93.65,2.84,1,1,1,1,0.9318
7487,3410,80.28,0.72,1,1,1,1,0.96
15378,2951,74.96,3.16,0,1,1,0,0.5675
19403,3240,66.36,4.2,0,1,1,1,0.7313
5685,701,100.0,4.71,1,1,1,1,0.859
19286,4499,69.03,2.29,1,0,1,1,0.6794
11864,1318,77.81,2.03,1,0,1,0,0.6839
7681,3201,40.18,2.4,1,1,1,1,0.6733
1259,4988,36.82,6.66,1,1,1,0,0.4613
10791,2859,100.0,4.69,1,1,1,1,0.9261
13979,2709,60.52,2.76,1,0,1,1,0.6926
16147,1337,62.15,3.24,1,1,1,1,0.7959
14706,3836,65.03,8.22,1,0,1,0,0.4772
9353,4637,22.16,4.31,0,1,0,1,0.4553
1788,756,83.42,1.02,1,1,1,0,0.7979
14489,1107,71.86,5.4,0,1,1,0,0.6383
9572,2566,63.75,7.14,1,0,1,0,0.5808
3570,3255,38.24,1.56,1,1,1,1,0.6532
13344,4196,71.1,4.89,0,0,1,0,0.531
8072,2483,98.41,3.84,1,1,1,0,0.7878
9674,4536,73.66,1.1,1,0,0,0,0.6811
10874,4108,45.87,3.28,0,1,0,1,0.506
16050,2645,95.04,5.73,1,1,1,1,0.9347
3332,2156,66.06,4.85,0,0,1,1,0.6246
17879,3495,100.0,1.6,0,1,1,0,0.7333
18490,4432,100.0,5.85,1,0,1,1,0.832
5198,1399,59.13,18.36,1,1,1,1,0.4945
1761,2907,65.03,1.98,1,1,1,1,0.817
11633,1854,41.6,1.78,1,1,1,1,0.6712
14795,3764,38.31,8.53,1,1,1,1,0.4433
14427,2440,50.89,1.32,1,1,0,1,0.7428
2368,2726,48.66,3.98,0,1,1,1,0.5514
4868,814,64.4,0.63,1,1,1,1,0.8337
17733,1323,37.89,7.91,1,1,1,1,0.4215
19926,1633,65.94,3.54,1,0,1,1,0.7813
6204,1184,51.38,8.53,1,1,1,1,0.5699
4094,3307,77.31,5.45,1,1,0,1,0.7858
6196,2519,72.05,7.91,0,1,1,1,0.548
11309,3543,83.29,6.02,1,1,0,1,0.7856
6760,950,72.26,0.52,1,0,1,1,0.9108
14194,3425,49.67,11.33,1,0,1,1,0.435
6468,1750,97.13,8.66,0,0,1,1,0.6967
4148,3881,74.97,1.22,0,1,1,1,0.7336
12428,3619,62.42,9.03,0,1,1,0,0.4988
14708,2927,69.7,3.68,1,1,1,1,0.7652
11298,3580,66.22,2.12,1,1,1,1,0.8454
9390,1556,45.12,2.64,0,1,1,1,0.616
2020,4153,71.78,7.74,1,0,1,0,0.5969
9998,1533,68.97,1.55,1,0,1,1,0.6733
6982,1000,53.66,5.98,1,1,1,0,0.6768
5297,3448,33.29,2.89,1,1,1,1,0.6182
8012,3487,57.67,1.9,1,0,0,1,0.671
12576,2751,100.0,4.26,1,0,1,0,0.7798
5311,2123,60.67,2.12,0,0,1,1,0.7043
5501,3926,37.96,2.36,0,1,1,1,0.5818
15375,3602,28.11,1.68,0,1,1,1,0.5488
10030,4183,51.23,4.32,0,1,1,1,0.5991
2267,4076,70.22,4.12,0,0,1,1,0.6178
3422,1577,65.38,0.76,1,1,1,1,0.8421
17427,2059,70.77,2.32,1,1,1,1,0.8711
6727,4228,68.44,3.63,1,1,1,0,0.7678
6247,1808,87.22,1.55,0,1,1,1,0.8244
8860,835,96.42,0.66,1,1,1,1,1.0
12170,1546,50.84,0.93,0,1,1,0,0.5675
1965,1679,71.82,3.88,0,1,1,1,0.7424
8944,2551,65.3,1.82,1,1,1,1,0.7865
5358,1282,68.65,3.98,1,1,1,1,0.8351
4329,3344,82.07,2.06,1,1,1,1,0.8314
3838,4137,55.19,3.45,1,1,1,0,0.6581
4523,4202,84.94,4.09,0,1,1,1,0.8467
10789,1566,63.61,1.17,1,1,1,1,0.8024
15112,3852,80.69,6.9,1,0,0,1,0.6907
17756,3498,48.58,4.31,0,1,1,0,0.5211
16543,1887,49.42,6.38,1,0,1,0,0.5358
5757,2614,51.85,3.65,1,0,1,1,0.703
19802,2922,70.79,9.37,1,1,1,1,0.7364
4709,2656,71.49,15.86,1,1,1,1,0.5748
19979,4453,55.26,0.83,0,1,1,1,0.719
4505,1302,100.0,1.81,1,1,1,1,0.9416
3870,3967,100.0,4.59,0,0,1,1,0.6843
6731,2211,78.37,1.98,1,0,1,1,0.6721
10614,573,65.0,4.89,1,0,1,1,0.7596
9009,3260,68.5,2.92,1,0,1,0,0.6183
9512,4595,83.29,1.47,0,1,1,0,0.6597
16014,2093,63.84,5.48,1,1,1,1,0.6067
9301,3052,69.58,3.97,0,1,1,1,0.7546
6952,2666,82.55,4.22,1,1,1,1,0.8093
8662,2145,55.87,7.41,1,0,1,1,0.6465
4552,1421,78.78,7.31,1,0,1,0,0.573
8098,2568,76.01,10.51,0,1,1,1,0.6028
15525,3982,39.65,5.37,1,1,1,1,0.6301
14960,1173,28.59,3.44,1,0,1,0,0.4064
10904,2845,61.24,3.53,0,1,1,0,0.5436
7172,2588,61.82,0.74,1,1,1,1,0.8547
16413,2467,79.64,4.63,1,0,1,1,0.8437
6678,1882,60.75,1.44,0,1,1,1,0.6855
18699,1067,61.15,3.88,1,1,1,1,0.6997
17009,3262,33.67,0.59,1,1,1,0,0.612
6060,3241,93.42,2.82,0,0,1,1,0.7656
18855,4199,76.0,5.4,1,1,1,1,0.7885
3178,1232,89.69,3.63,0,1,1,0,0.7525
2279,2721,73.32,6.62,1,1,1,1,0.639
10053,536,51.7,1.4,1,0,1,1,0.7472
15696,4891,58.52,1.87,0,1,0,1,0.6485
13232,2070,75.32,9.36,0,1,1,1,0.6749
8145,1099,58.95,1.79,0,1,0,1,0.8092
6453,2327,78.06,1.75,1,1,1,1,0.9593
7716,2996,69.28,2.65,1,1,1,1,0.8772
10906,4544,90.31,1.61,1,1,1,1,0.9177
1012,3517,58.6,4.48,1,0,1,1,0.7239
9142,2265,55.04,5.12,1,0,1,0,0.5678
3085,2319,97.44,8.07,0,1,1,1,0.8822
18806,3109,26.48,2.54,1,1,1,0,0.5589
10764,3201,73.69,0.8,1,0,1,1,0.8582
14447,1771,63.66,1.35,1,1,1,1,0.8576
3171,3831,88.26,4.43,1,0,1,0,0.7118
10244,3224,88.94,1.87,0,0,0,0,0.5909
3665,915,47.87,1.09,1,0,1,1,0.7015
4055,2158,57.26,5.43,1,0,1,0,0.5558
18085,1954,85.35,3.59,0,1,1,1,0.7325
19847,3871,94.44,1.18,1,1,1,0,0.8522
9766,720,73.88,3.32,0,0,1,1,0.6554
10219,789,68.58,6.15,1,1,0,1,0.6525
1777,3066,100.0,3.43,1,1,1,0,0.8391
2718,2932,74.15,2.47,0,1,1,0,0.6303
5687,4671,36.06,6.81,0,1,0,1,0.4767
12084,3998,100.0,0.25,1,0,1,1,0.9816
17099,2305,80.63,6.49,1,1,1,1,0.6902
8554,627,63.41,2.91,1,1,1,1,0.8175
16461,3140,89.44,7.28,0,0,1,1,0.7678
10558,3365,73.84,1.5,0,0,1,1,0.6701
17096,3889,55.13,2.42,1,1,1,0,0.6828
12093,675,89.45,11.08,0,1,1,1,0.6304
8085,3861,98.41,5.16,0,1,1,1,0.8925
16646,4736,78.82,6.07,0,1,1,1,0.8012
2718,4791,77.13,4.56,0,1,0,1,0.674
1284,3065,77.36,3.73,0,1,1,1,0.8115
11328,656,53.2,2.18,1,0,1,1,0.6683
14158,1698,49.43,7.05,1,0,1,0,0.4624
3909,2716,72.78,4.44,1,1,1,1,0.7619
14710,4988,100.0,8.12,1,1,1,0,0.792
7371,3917,65.63,2.55,1,0,1,1,0.6593
10502,868,34.98,3.06,1,1,1,1,0.6195
14555,1730,71.71,3.65,1,1,1,1,0.7793
9336,3134,74.42,2.34,0,1,1,1,0.7904
4894,4346,100.0,2.3,1,1,0,1,0.9448
17877,4368,92.85,3.41,0,0,1,1,0.7544
5797,3130,96.95,3.38,0,1,1,0,0.7963
1126,2120,37.53,1.19,1,1,0,0,0.6033
2420,840,55.0,5.63,1,1,1,0,0.618
9323,2357,36.52,0.68,1,1,1,0,0.5711
10251,2803,71.47,0.63,0,1,1,1,0.8406
9255,3199,74.56,3.58,0,1,1,1,0.7442
7790,861,75.79,7.8,0,1,1,1,0.6889
6044,2596,45.63,0.96,1,1,1,0,0.6318
16661,702,69.79,5.06,0,0,1,1,0.6602
16337,4061,79.32,3.75,1,0,1,1,0.7813
3822,4984,82.72,4.31,1,0,1,0,0.7233
13199,4510,67.59,3.06,0,1,1,1,0.7176
1039,4774,66.35,3.5,1,1,1,1,0.899
14348,818,62.17,1.52,0,0,0,1,0.6304
18538,4965,87.28,2.37,0,1,1,1,0.7967
4769,2979,72.8,5.97,0,1,1,1,0.6042
4621,1645,47.56,3.13,1,1,1,1,0.7555
2376,1489,100.0,6.03,1,0,1,1,0.8451
5275,2207,83.35,4.38,1,1,0,0,0.8358
17446,4723,59.47,4.11,0,1,1,1,0.6413
2401,1405,52.58,2.42,0,1,1,1,0.5839
8013,1792,100.0,1.8,1,1,1,1,0.96
14874,1493,95.58,3.24,1,1,1,1,0.8588
3609,4409,56.91,5.09,0,1,1,1,0.7072
5999,4062,68.69,5.18,0,1,1,1,0.6318
4447,3932,72.11,3.32,1,1,1,0,0.8
5864,1984,78.44,3.29,0,0,1,1,0.7259
6429,4939,66.27,0.84,1,1,1,1,0.8106
17411,4450,42.9,2.8,1,1,1,1,0.5727
9280,4304,43.37,2.58,0,0,1,1,0.5503
9438,4426,75.32,3.63,1,1,1,1,0.9138
10173,3723,66.4,7.18,0,1,1,1,0.6027
9965,2052,69.0,3.19,1,1,1,1,0.7802
10973,1721,42.72,2.46,1,0,1,1,0.6445
12631,1625,7.75,3.92,1,1,0,0,0.3813
11158,3308,59.62,8.21,1,1,1,1,0.7073
15171,4536,46.09,2.4,1,1,1,1,0.6669
8116,1991,25.29,2.33,1,1,1,1,0.6953
10979,4035,36.9,2.29,0,0,1,1,0.3749
6868,3235,66.97,3.24,0,1,1,1,0.7554
16227,2645,67.66,4.17,1,1,1,0,0.6998
4167,620,42.47,2.42,1,1,1,1,0.6774
11705,3722,81.69,0.94,1,1,1,1,0.8177
9534,1217,21.94,4.61,0,1,0,1,0.5637
9272,3579,98.79,4.01,1,1,0,1,0.9375
9516,3990,46.45,4.68,0,1,1,0,0.3848
14086,3404,85.53,3.91,0,1,1,1,0.7536
8025,4857,97.08,0.85,1,1,1,1,0.9951
1605,4177,73.71,0.7,1,1,1,0,0.7771
11886,4018,94.38,4.84,1,1,1,0,0.7062
19373,4773,100.0,1.98,0,0,1,1,0.8362
16543,669,74.92,1.45,1,1,1,1,0.8456
19072,505,93.49,2.18,1,1,1,1,0.8986
14950,2517,54.6,4.94,1,1,1,1,0.688
16117,2222,73.63,1.97,1,0,1,1,0.8066
18013,4916,33.37,1.84,1,1,1,0,0.5179
13095,740,97.82,3.38,0,0,1,1,0.7474
16873,3526,100.0,0.61,1,1,1,0,0.9298
18195,2083,57.74,3.76,1,1,1,1,0.6922
13099,2167,13.12,0.87,1,1,1,0,0.4804
2694,2752,89.76,2.16,0,1,1,1,0.8426
11631,1439,48.53,7.4,1,1,1,1,0.6143
15315,2573,52.8,2.32,1,1,1,0,0.6859
8291,4420,59.49,4.88,0,0,1,1,0.5591
12093,757,70.64,2.16,1,1,1,0,0.6711
16055,3707,60.87,0.83,0,1,1,1,0.6555
14119,1610,81.02,1.7,0,0,1,1,0.7346
11903,1909,49.39,3.81,1,0,1,1,0.6403
7453,3253,65.48,3.37,0,0,1,1,0.6002
18414,2234,78.12,8.85,1,1,1,0,0.6373
10138,3973,82.5,1.79,0,1,1,0,0.6882
18674,4721,86.0,4.28,0,1,0,0,0.6848
15360,852,47.78,2.53,0,0,1,1,0.4818
3819,3407,91.99,10.93,1,1,1,1,0.7387
17616,3527,63.79,4.72,1,1,1,1,0.7942
18847,3862,17.71,3.26,0,1,1,1,0.6008
5024,1030,81.35,2.39,0,0,1,1,0.7295
3803,4411,69.43,0.97,1,1,1,0,0.7944
5367,4987,69.66,4.23,0,1,1,1,0.695
7377,2211,81.2,3.72,1,1,1,1,0.8313
14961,2826,97.36,2.38,0,1,1,0,0.8367
10095,1950,25.27,9.23,1,1,1,1,0.4214
13244,2208,72.04,3.93,1,0,1,1,0.8311
15583,3493,71.31,6.32,1,1,1,1,0.7676
18942,4094,63.54,1.79,0,1,1,1,0.6591
6492,943,100.0,1.22,1,0,1,0,0.8347
19717,2694,73.43,6.79,1,1,1,0,0.6081
6385,4617,51.36,10.0,0,1,1,0,0.389
7709,1383,80.37,1.85,0,1,1,1,0.6988
2535,589,85.09,3.79,1,1,1,1,0.851
17902,4210,66.28,2.78,1,0,1,1,0.6814
11509,1104,75.13,5.64,0,1,1,1,0.7548
16963,584,64.34,3.54,0,0,1,1,0.7067
9715,3550,60.32,5.87,0,1,1,1,0.6338
18139,645,40.46,1.58,0,0,1,1,0.5227
5352,4414,43.88,10.55,1,1,1,1,0.4686
18060,3986,51.35,4.26,1,0,1,1,0.6731
12051,1660,62.9,3.84,0,0,0,1,0.536
3933,2781,80.46,0.7,1,1,1,0,0.8786
15890,3777,51.68,1.06,0,1,1,0,0.5523
14724,3722,29.89,2.37,0,1,1,0,0.4658
13201,1522,71.4,3.22,1,0,1,0,0.6904
17653,1427,61.58,2.82,1,1,1,1,0.7223
14127,987,75.28,0.9,0,1,1,1,0.8318
5069,4897,51.07,2.07,1,1,1,0,0.5301
10995,2651,26.57,7.95,1,1,1,0,0.345
19050,4844,94.07,1.74,0,1,1,1,0.9916
3447,3629,47.91,5.37,0,0,1,1,0.5949
1478,4796,92.83,1.33,0,1,1,0,0.7789
16092,2503,94.98,6.07,1,1,0,1,0.8583
5991,1946,88.59,2.05,0,1,1,1,0.7721
18899,3887,77.57,4.1,1,1,0,1,0.7757
2360,3068,76.57,4.17,0,0,1,0,0.6118
16025,3597,63.14,4.9,1,1,1,1,0.7664
9507,2803,78.43,3.32,1,0,1,1,0.8118
14434,2578,69.87,5.62,1,1,1,1,0.7248
14489,1905,74.16,5.61,1,0,1,1,0.7865
5778,2854,52.86,9.79,1,0,1,0,0.3988
11472,3601,96.43,1.36,0,1,1,1,0.8578
2466,1235,92.78,1.36,0,1,1,1,0.8937
1552,3922,91.88,5.94,0,0,1,1,0.7424
5080,2260,100.0,3.04,1,0,1,1,0.9168
7831,503,74.89,3.21,1,1,1,0,0.7255
7260,1702,47.95,2.51,0,1,1,1,0.6663
1995,856,35.73,5.28,0,0,1,1,0.4024
19764,516,81.32,6.5,1,0,1,1,0.7805
14555,2253,62.79,2.3,0,1,0,1,0.6791
11482,4337,95.48,2.54,1,1,0,0,0.8521
5054,4700,86.5,0.79,1,1,1,1,0.9334
5852,4239,80.17,7.02,1,1,0,1,0.6798
17455,3447,57.93,4.22,1,1,1,0,0.6321
9391,2255,86.0,4.03,1,1,1,0,0.8142
11103,3401,58.18,2.66,1,1,1,1,0.8336
19628,2157,75.04,2.37,1,1,1,1,0.8572
15630,1144,67.66,1.65,1,1,1,1,0.8594
16967,1353,78.34,0.35,0,0,1,1,0.8365
4342,550,80.64,1.42,1,1,1,1,0.8557
19368,4952,44.97,3.39,1,1,1,1,0.6814
19231,3746,52.68,1.02,1,1,1,0,0.6332
7511,4223,100.0,2.42,1,0,1,1,0.8626
18450,2646,78.03,4.55,1,1,1,1,0.7941
9163,709,80.4,11.38,0,1,1,0,0.3297
3607,4436,44.98,2.83,0,1,1,1,0.6822
1713,2923,40.86,2.93,0,1,1,1,0.628
4762,4051,37.86,3.59,1,0,1,1,0.65
19516,2025,100.0,4.68,1,1,1,1,0.9274
6507,1511,58.61,2.27,1,1,1,1,0.7739
5507,3685,97.24,7.14,1,1,1,1,0.79
1305,887,83.91,2.89,1,1,1,1,0.8716
10896,3883,96.38,5.3,1,0,1,0,0.7157
5363,2065,88.62,3.56,1,1,1,0,0.7675
2630,3818,82.5,7.33,0,1,1,1,0.6945
2055,3847,62.63,1.31,1,1,1,0,0.7444
11076,2764,100.0,7.24,0,0,1,0,0.6357
8004,1506,57.35,0.18,1,1,1,1,0.8235
10865,4199,80.64,7.56,1,1,1,1,0.8064
4246,4212,61.62,2.81,1,1,1,1,0.7992
6673,2657,48.34,2.75,1,1,1,0,0.5556
3460,2241,47.23,11.44,1,0,1,0,0.4113
3031,2008,76.04,2.56,1,1,1,1,0.8523
17198,4891,42.97,5.9,1,1,1,1,0.6359
3604,3695,95.48,1.43,0,1,1,1,0.7946
8631,3192,81.18,6.07,0,0,1,1,0.6402
14894,2889,100.0,2.59,0,1,1,1,0.8829
5545,1968,51.61,4.97,1,1,1,1,0.6859
15476,1975,97.41,0.61,1,1,1,1,0.9566
11196,2336,58.4,7.54,1,0,1,0,0.5381
13494,2280,72.66,1.8,0,0,1,1,0.6456
9771,2437,79.38,2.45,1,0,1,1,0.8162
6307,1997,87.29,3.53,1,0,0,0,0.7687
7203,2121,63.21,1.03,1,1,1,1,0.9025
15732,4553,54.12,2.1,1,0,1,1,0.7626
1401,2527,68.6,2.84,0,0,1,0,0.5799
11236,3483,88.6,1.29,1,1,1,1,1.0
13503,937,81.12,10.52,0,1,1,0,0.4444
1227,2684,74.89,6.8,1,0,1,1,0.6653
14693,2332,100.0,3.79,0,1,1,1,0.9372
16137,3387,49.41,0.87,1,1,1,1,0.7955
3842,2164,88.76,4.01,0,1,1,0,0.742
18590,909,100.0,5.39,1,0,1,1,0.8948
14175,2879,53.42,1.26,1,1,1,0,0.6794
16454,2975,52.77,5.32,0,1,1,1,0.6003
9138,1221,25.82,0.96,0,1,1,1,0.5597
5521,3626,85.49,5.37,1,1,1,1,0.7695
